event_id,event_type,activity,start_time,end_time,robot_id,mission_id,segment_id
e1,Control,undock,2026-08-28T09:31:18.742372,2026-08-28T09:31:22.747074,robot1,m3,s1
e2,Control,move_to,2026-08-28T09:31:22.747772,2026-08-28T09:31:33.524650,robot1,m3,s1
e3,Control,localize,2026-08-28T09:31:33.527133,2026-08-28T09:31:38.530331,robot1,m3,s1
e4,Task,pick,2026-08-28T09:31:38.530978,2026-08-28T09:31:42.536638,robot1,m3,s1
e5,Task,move_to,2026-08-28T09:31:42.540947,2026-08-28T09:31:51.035577,robot1,m3,s1
e6,Control,localize,2026-08-28T09:31:51.040116,2026-08-28T09:31:56.047379,robot1,m3,s1
e7,Task,place,2026-08-28T09:31:56.049159,2026-08-28T09:32:00.054622,robot1,m3,s1
e8,Control,move_to,2026-08-28T09:32:00.723665,2026-08-28T09:32:06.730275,robot1,m5,s2
e9,Control,localize,2026-08-28T09:32:06.732095,2026-08-28T09:32:11.737144,robot1,m5,s2
e10,Task,pick,2026-08-28T09:32:11.737941,2026-08-28T09:32:14.742673,robot1,m5,s2
e11,Task,move_to,2026-08-28T09:32:14.748523,2026-08-28T09:32:14.753548,robot1,m5,s2
e12,Control,localize,2026-08-28T09:32:14.756322,2026-08-28T09:32:19.760326,robot1,m5,s2
e13,Task,place,2026-08-28T09:32:19.761198,2026-08-28T09:32:22.765152,robot1,m5,s2
e14,Control,localize,2026-08-28T09:32:23.719947,2026-08-28T09:32:28.724230,robot1,m1,s1
e15,Task,pick,2026-08-28T09:32:28.725498,2026-08-28T09:32:36.731821,robot1,m1,s1
e16,Task,move_to,2026-08-28T09:32:36.736682,2026-08-28T09:32:45.228472,robot1,m1,s1
e17,Control,localize,2026-08-28T09:32:45.233175,2026-08-28T09:32:50.239241,robot1,m1,s1
e18,Task,place,2026-08-28T09:32:50.240383,2026-08-28T09:32:58.245236,robot1,m1,s1
e19,Control,move_to,2026-08-28T09:32:58.724319,2026-08-28T09:33:07.213731,robot1,m5,s1
e20,Control,localize,2026-08-28T09:33:07.215002,2026-08-28T09:33:12.222553,robot1,m5,s1
e21,Task,pick,2026-08-28T09:33:12.225634,2026-08-28T09:33:16.231854,robot1,m5,s1
e22,Task,move_to,2026-08-28T09:33:16.234217,2026-08-28T09:33:24.724716,robot1,m5,s1
e23,Control,localize,2026-08-28T09:33:24.728341,2026-08-28T09:33:29.733681,robot1,m5,s1
e24,Task,place,2026-08-28T09:33:29.734243,2026-08-28T09:33:33.737176,robot1,m5,s1
e25,Control,move_to,2026-08-28T09:33:34.724011,2026-08-28T09:33:45.497819,robot1,m7,s1
e26,Control,localize,2026-08-28T09:33:45.498442,2026-08-28T09:33:50.502349,robot1,m7,s1
e27,Task,pick,2026-08-28T09:33:50.503229,2026-08-28T09:33:55.509088,robot1,m7,s1
e28,Task,move_to,2026-08-28T09:33:55.514875,2026-08-28T09:33:58.351008,robot1,m7,s1
e29,Control,localize,2026-08-28T09:33:58.354665,2026-08-28T09:34:03.362321,robot1,m7,s1
e30,Task,place,2026-08-28T09:34:03.364395,2026-08-28T09:34:08.371272,robot1,m7,s1
e31,Control,localize,2026-08-28T09:34:08.731543,2026-08-28T09:34:13.737128,robot1,m5,s4
e32,Task,pick,2026-08-28T09:34:13.739972,2026-08-28T09:34:17.747886,robot1,m5,s4
e33,Task,move_to,2026-08-28T09:34:17.750561,2026-08-28T09:34:26.241858,robot1,m5,s4
e34,Control,localize,2026-08-28T09:34:26.243119,2026-08-28T09:34:31.247988,robot1,m5,s4
e35,Task,place,2026-08-28T09:34:31.250616,2026-08-28T09:34:35.257979,robot1,m5,s4
e36,Control,move_to,2026-08-28T09:34:35.757796,2026-08-28T09:34:44.246032,robot1,m7,s2
e37,Control,localize,2026-08-28T09:34:44.247740,2026-08-28T09:34:49.255520,robot1,m7,s2
e38,Task,pick,2026-08-28T09:34:49.257152,2026-08-28T09:34:52.264871,robot1,m7,s2
e39,Task,move_to,2026-08-28T09:34:52.269664,2026-08-28T09:35:00.760617,robot1,m7,s2
e40,Control,localize,2026-08-28T09:35:00.762394,2026-08-28T09:35:05.769017,robot1,m7,s2
e41,Task,place,2026-08-28T09:35:05.771264,2026-08-28T09:35:08.776730,robot1,m7,s2
e42,Control,move_to,2026-08-28T09:35:09.722486,2026-08-28T09:35:22.376507,robot1,m2,s2
e43,Control,localize,2026-08-28T09:35:22.378210,2026-08-28T09:35:27.382574,robot1,m2,s2
e44,Task,pick,2026-08-28T09:35:27.383316,2026-08-28T09:35:29.386794,robot1,m2,s2
e45,Task,move_to,2026-08-28T09:35:29.388536,2026-08-28T09:35:37.876295,robot1,m2,s2
e46,Control,localize,2026-08-28T09:35:37.879264,2026-08-28T09:35:42.888698,robot1,m2,s2
e47,Task,place,2026-08-28T09:35:42.890479,2026-08-28T09:35:44.896530,robot1,m2,s2
e48,Control,move_to,2026-08-28T09:35:45.725351,2026-08-28T09:35:50.234259,robot1,m8,s3
e49,Control,localize,2026-08-28T09:35:50.235342,2026-08-28T09:35:55.246313,robot1,m8,s3
e50,Task,pick,2026-08-28T09:35:55.248027,2026-08-28T09:35:58.252689,robot1,m8,s3
e51,Task,move_to,2026-08-28T09:35:58.256526,2026-08-28T09:36:03.920028,robot1,m8,s3
e52,Control,localize,2026-08-28T09:36:03.924609,2026-08-28T09:36:08.928034,robot1,m8,s3
e53,Task,place,2026-08-28T09:36:08.930260,2026-08-28T09:36:11.939329,robot1,m8,s3
e54,Control,move_to,2026-08-28T09:36:12.718084,2026-08-28T09:36:20.967571,robot1,m8,s4
e55,Control,localize,2026-08-28T09:36:20.968200,2026-08-28T09:36:25.973838,robot1,m8,s4
e56,Task,pick,2026-08-28T09:36:25.976823,2026-08-28T09:36:32.983281,robot1,m8,s4
e57,Task,move_to,2026-08-28T09:36:32.988077,2026-08-28T09:36:44.308528,robot1,m8,s4
e58,Control,localize,2026-08-28T09:36:44.311784,2026-08-28T09:36:49.316941,robot1,m8,s4
e59,Task,place,2026-08-28T09:36:49.319418,2026-08-28T09:36:56.325457,robot1,m8,s4
e60,Control,move_to,2026-08-28T09:36:56.746234,2026-08-28T09:37:02.752667,robot1,m4,s1
e61,Control,localize,2026-08-28T09:37:02.754586,2026-08-28T09:37:07.757956,robot1,m4,s1
e62,Task,pick,2026-08-28T09:37:07.758482,2026-08-28T09:37:11.764509,robot1,m4,s1
e63,Task,move_to,2026-08-28T09:37:11.769011,2026-08-28T09:37:20.261893,robot1,m4,s1
e64,Control,localize,2026-08-28T09:37:20.265815,2026-08-28T09:37:25.273451,robot1,m4,s1
e65,Task,place,2026-08-28T09:37:25.275974,2026-08-28T09:37:29.283968,robot1,m4,s1
e66,Control,move_to,2026-08-28T09:37:29.722869,2026-08-28T09:37:37.727491,robot1,m6,s1
e67,Control,localize,2026-08-28T09:37:37.729525,2026-08-28T09:37:42.734466,robot1,m6,s1
e68,Task,pick,2026-08-28T09:37:42.735291,2026-08-28T09:37:52.740569,robot1,m6,s1
e69,Task,move_to,2026-08-28T09:37:52.743913,2026-08-28T09:37:52.747242,robot1,m6,s1
e70,Control,localize,2026-08-28T09:37:52.749724,2026-08-28T09:37:57.754179,robot1,m6,s1
e71,Task,place,2026-08-28T09:37:57.755303,2026-08-28T09:38:07.760051,robot1,m6,s1
e72,Control,move_to,2026-08-28T09:38:08.729984,2026-08-28T09:38:17.679961,robot1,m6,s2
e73,Control,localize,2026-08-28T09:38:17.682761,2026-08-28T09:38:22.690332,robot1,m6,s2
e74,Task,pick,2026-08-28T09:38:22.691638,2026-08-28T09:38:25.697646,robot1,m6,s2
e75,Task,move_to,2026-08-28T09:38:25.700389,2026-08-28T09:38:37.019631,robot1,m6,s2
e76,Control,localize,2026-08-28T09:38:37.022544,2026-08-28T09:38:42.026384,robot1,m6,s2
e77,Task,place,2026-08-28T09:38:42.026953,2026-08-28T09:38:45.032667,robot1,m6,s2
e78,Control,localize,2026-08-28T09:39:07.733244,2026-08-28T09:39:12.741272,robot1,m6,s3
e79,Task,pick,2026-08-28T09:39:12.743940,2026-08-28T09:39:17.752617,robot1,m6,s3
e80,Task,move_to,2026-08-28T09:39:17.754786,2026-08-28T09:39:26.246250,robot1,m6,s3
e81,Control,localize,2026-08-28T09:39:26.251059,2026-08-28T09:39:31.259183,robot1,m6,s3
e82,Task,place,2026-08-28T09:39:31.260955,2026-08-28T09:39:36.266590,robot1,m6,s3
e83,Control,undock,2026-08-28T09:31:18.745347,2026-08-28T09:31:22.749056,robot2,m3,s2
e84,Control,move_to,2026-08-28T09:31:22.749559,2026-08-28T09:31:31.238275,robot2,m3,s2
e85,Control,localize,2026-08-28T09:31:31.239627,2026-08-28T09:31:36.246348,robot2,m3,s2
e86,Task,pick,2026-08-28T09:31:36.248078,2026-08-28T09:31:39.252034,robot2,m3,s2
e87,Task,move_to,2026-08-28T09:31:39.253470,2026-08-28T09:31:44.916395,robot2,m3,s2
e88,Control,localize,2026-08-28T09:31:44.921948,2026-08-28T09:31:49.930651,robot2,m3,s2
e89,Task,place,2026-08-28T09:31:49.932017,2026-08-28T09:31:52.936206,robot2,m3,s2
e90,Control,move_to,2026-08-28T09:31:53.725939,2026-08-28T09:32:02.674496,robot2,m5,s1
e91,Control,localize,2026-08-28T09:32:02.675186,2026-08-28T09:32:07.676130,robot2,m5,s1
e92,Task,pick,2026-08-28T09:32:07.676800,2026-08-28T09:32:11.681098,robot2,m5,s1
e93,Task,move_to,2026-08-28T09:32:11.683066,2026-08-28T09:32:23.000322,robot2,m5,s1
e94,Control,localize,2026-08-28T09:32:23.003407,2026-08-28T09:32:28.010051,robot2,m5,s1
e95,Task,place,2026-08-28T09:32:28.012480,2026-08-28T09:32:32.018616,robot2,m5,s1
e96,Control,move_to,2026-08-28T09:32:32.723098,2026-08-28T09:32:41.210738,robot2,m5,s3
e97,Control,localize,2026-08-28T09:32:41.211915,2026-08-28T09:32:46.219337,robot2,m5,s3
e98,Task,pick,2026-08-28T09:32:46.221327,2026-08-28T09:32:51.229188,robot2,m5,s3
e99,Task,move_to,2026-08-28T09:32:51.232775,2026-08-28T09:32:59.723835,robot2,m5,s3
e100,Control,localize,2026-08-28T09:32:59.726804,2026-08-28T09:33:04.733125,robot2,m5,s3
e101,Task,place,2026-08-28T09:33:04.734889,2026-08-28T09:33:09.739985,robot2,m5,s3
e102,Control,move_to,2026-08-28T09:33:10.744166,2026-08-28T09:33:19.695254,robot2,m5,s4
e103,Control,localize,2026-08-28T09:33:19.697043,2026-08-28T09:33:24.704475,robot2,m5,s4
e104,Task,pick,2026-08-28T09:33:24.706162,2026-08-28T09:33:28.712049,robot2,m5,s4
e105,Task,move_to,2026-08-28T09:33:28.714744,2026-08-28T09:33:40.033555,robot2,m5,s4
e106,Control,localize,2026-08-28T09:33:40.035148,2026-08-28T09:33:45.038777,robot2,m5,s4
e107,Task,place,2026-08-28T09:33:45.039943,2026-08-28T09:33:49.046164,robot2,m5,s4
e108,Control,move_to,2026-08-28T09:33:49.741359,2026-08-28T09:33:54.220370,robot2,m7,s3
e109,Control,localize,2026-08-28T09:33:54.223147,2026-08-28T09:33:59.231595,robot2,m7,s3
e110,Task,pick,2026-08-28T09:33:59.234005,2026-08-28T09:34:02.241072,robot2,m7,s3
e111,Task,move_to,2026-08-28T09:34:02.245257,2026-08-28T09:34:07.907372,robot2,m7,s3
e112,Control,localize,2026-08-28T09:34:07.908600,2026-08-28T09:34:12.915526,robot2,m7,s3
e113,Task,place,2026-08-28T09:34:12.918164,2026-08-28T09:34:15.925236,robot2,m7,s3
e114,Control,move_to,2026-08-28T09:34:16.738274,2026-08-28T09:34:24.991523,robot2,m7,s5
e115,Control,localize,2026-08-28T09:34:24.993797,2026-08-28T09:34:30.000829,robot2,m7,s5
e116,Task,pick,2026-08-28T09:34:30.002795,2026-08-28T09:34:35.010298,robot2,m7,s5
e117,Task,move_to,2026-08-28T09:34:35.014739,2026-08-28T09:34:37.849328,robot2,m7,s5
e118,Control,localize,2026-08-28T09:34:37.853271,2026-08-28T09:34:42.861070,robot2,m7,s5
e119,Task,place,2026-08-28T09:34:42.863241,2026-08-28T09:34:47.872199,robot2,m7,s5
e120,Control,move_to,2026-08-28T09:34:48.723862,2026-08-28T09:34:57.673242,robot2,m2,s1
e121,Control,localize,2026-08-28T09:34:57.675161,2026-08-28T09:35:02.681087,robot2,m2,s1
e122,Task,pick,2026-08-28T09:35:02.682623,2026-08-28T09:35:07.688241,robot2,m2,s1
e123,Task,move_to,2026-08-28T09:35:07.694267,2026-08-28T09:35:19.015314,robot2,m2,s1
e124,Control,localize,2026-08-28T09:35:19.019603,2026-08-28T09:35:24.025100,robot2,m2,s1
e125,Task,place,2026-08-28T09:35:24.026218,2026-08-28T09:35:29.031242,robot2,m2,s1
e126,Control,move_to,2026-08-28T09:35:29.734590,2026-08-28T09:35:41.400799,robot2,m8,s1
e127,Control,localize,2026-08-28T09:35:41.403413,2026-08-28T09:35:46.432930,robot2,m8,s1
e128,Task,pick,2026-08-28T09:35:46.433597,2026-08-28T09:35:49.436370,robot2,m8,s1
e129,Task,move_to,2026-08-28T09:35:49.438213,2026-08-28T09:35:57.926903,robot2,m8,s1
e130,Control,localize,2026-08-28T09:35:57.929038,2026-08-28T09:36:02.932257,robot2,m8,s1
e131,Task,place,2026-08-28T09:36:02.933208,2026-08-28T09:36:05.936181,robot2,m8,s1
e132,Control,localize,2026-08-28T09:36:06.728568,2026-08-28T09:36:11.732514,robot2,m2,s2
e133,Task,pick,2026-08-28T09:36:11.733610,2026-08-28T09:36:13.736778,robot2,m2,s2
e134,Task,move_to,2026-08-28T09:36:13.738620,2026-08-28T09:36:22.226756,robot2,m2,s2
e135,Control,localize,2026-08-28T09:36:22.229569,2026-08-28T09:36:27.235192,robot2,m2,s2
e136,Task,place,2026-08-28T09:36:27.237032,2026-08-28T09:36:29.243643,robot2,m2,s2
e137,Control,move_to,2026-08-28T09:36:29.732971,2026-08-28T09:36:38.223460,robot2,m8,s2
e138,Control,localize,2026-08-28T09:36:38.224105,2026-08-28T09:36:43.230782,robot2,m8,s2
e139,Task,pick,2026-08-28T09:36:43.233050,2026-08-28T09:36:46.239269,robot2,m8,s2
e140,Task,move_to,2026-08-28T09:36:46.242604,2026-08-28T09:36:54.734078,robot2,m8,s2
e141,Control,localize,2026-08-28T09:36:54.739170,2026-08-28T09:36:59.744036,robot2,m8,s2
e142,Task,place,2026-08-28T09:36:59.745192,2026-08-28T09:37:02.753294,robot2,m8,s2
e143,Control,move_to,2026-08-28T09:37:03.724060,2026-08-28T09:37:15.728415,robot2,m4,s3
e144,Control,localize,2026-08-28T09:37:15.728880,2026-08-28T09:37:20.733880,robot2,m4,s3
e145,Task,pick,2026-08-28T09:37:20.736543,2026-08-28T09:37:25.741557,robot2,m4,s3
e146,Task,move_to,2026-08-28T09:37:25.743337,2026-08-28T09:37:34.232939,robot2,m4,s3
e147,Control,localize,2026-08-28T09:37:34.237586,2026-08-28T09:37:39.243984,robot2,m4,s3
e148,Task,place,2026-08-28T09:37:39.247720,2026-08-28T09:37:44.254933,robot2,m4,s3
e149,Control,localize,2026-08-28T09:37:44.746144,2026-08-28T09:37:49.751239,robot2,m4,s2
e150,Task,pick,2026-08-28T09:37:49.752926,2026-08-28T09:37:52.758333,robot2,m4,s2
e151,Task,move_to,2026-08-28T09:37:52.760221,2026-08-28T09:38:01.249717,robot2,m4,s2
e152,Control,localize,2026-08-28T09:38:01.252190,2026-08-28T09:38:06.255488,robot2,m4,s2
e153,Task,place,2026-08-28T09:38:06.256090,2026-08-28T09:38:09.261838,robot2,m4,s2
e154,Control,move_to,2026-08-28T09:38:09.732203,2026-08-28T09:38:24.160365,robot2,m6,s3
e155,Control,localize,2026-08-28T09:38:24.161612,2026-08-28T09:38:29.167947,robot2,m6,s3
e156,Task,pick,2026-08-28T09:38:29.170206,2026-08-28T09:38:34.175371,robot2,m6,s3
e157,Task,move_to,2026-08-28T09:38:34.176805,2026-08-28T09:38:42.662566,robot2,m6,s3
e158,Control,localize,2026-08-28T09:38:42.665150,2026-08-28T09:38:47.670408,robot2,m6,s3
e159,Task,place,2026-08-28T09:38:47.671893,2026-08-28T09:38:52.678921,robot2,m6,s3
e160,Control,localize,2026-08-28T09:38:56.721149,2026-08-28T09:39:01.726127,robot2,m6,s2
e161,Task,pick,2026-08-28T09:39:01.727519,2026-08-28T09:39:04.733666,robot2,m6,s2
e162,Task,move_to,2026-08-28T09:39:04.738681,2026-08-28T09:39:13.226799,robot2,m6,s2
e163,Control,localize,2026-08-28T09:39:13.228523,2026-08-28T09:39:18.234933,robot2,m6,s2
e164,Task,place,2026-08-28T09:39:18.237571,2026-08-28T09:39:21.246340,robot2,m6,s2
e165,Control,undock,2026-08-28T09:31:18.729545,2026-08-28T09:31:22.739568,robot3,m1,s1
e166,Control,move_to,2026-08-28T09:31:22.740263,2026-08-28T09:31:41.610324,robot3,m1,s1
e167,Control,localize,2026-08-28T09:31:41.611279,2026-08-28T09:31:46.615321,robot3,m1,s1
e168,Task,pick,2026-08-28T09:31:46.616186,2026-08-28T09:31:54.621587,robot3,m1,s1
e169,Task,move_to,2026-08-28T09:31:54.624030,2026-08-28T09:31:54.627288,robot3,m1,s1
e170,Control,localize,2026-08-28T09:31:54.629299,2026-08-28T09:31:59.632965,robot3,m1,s1
e171,Task,place,2026-08-28T09:31:59.633899,2026-08-28T09:32:07.639010,robot3,m1,s1
e172,Control,localize,2026-08-28T09:32:07.724262,2026-08-28T09:32:12.810194,robot3,m1,s2
e173,Task,pick,2026-08-28T09:32:12.810684,2026-08-28T09:32:14.815056,robot3,m1,s2
e174,Task,move_to,2026-08-28T09:32:14.820151,2026-08-28T09:32:23.313211,robot3,m1,s2
e175,Control,localize,2026-08-28T09:32:23.317580,2026-08-28T09:32:28.323202,robot3,m1,s2
e176,Task,place,2026-08-28T09:32:28.323787,2026-08-28T09:32:30.329807,robot3,m1,s2
e177,Control,move_to,2026-08-28T09:32:30.754846,2026-08-28T09:32:39.243526,robot3,m3,s1
e178,Control,localize,2026-08-28T09:32:39.246427,2026-08-28T09:32:44.252242,robot3,m3,s1
e179,Task,pick,2026-08-28T09:32:44.253822,2026-08-28T09:32:48.263861,robot3,m3,s1
e180,Task,move_to,2026-08-28T09:32:48.266866,2026-08-28T09:32:56.759683,robot3,m3,s1
e181,Control,localize,2026-08-28T09:32:56.763889,2026-08-28T09:33:01.769483,robot3,m3,s1
e182,Task,place,2026-08-28T09:33:01.770478,2026-08-28T09:33:05.776757,robot3,m3,s1
e183,Control,move_to,2026-08-28T09:33:06.754319,2026-08-28T09:33:15.243142,robot3,m5,s2
e184,Control,localize,2026-08-28T09:33:15.244619,2026-08-28T09:33:20.249485,robot3,m5,s2
e185,Task,pick,2026-08-28T09:33:20.250194,2026-08-28T09:33:23.260462,robot3,m5,s2
e186,Task,move_to,2026-08-28T09:33:23.265777,2026-08-28T09:33:31.758431,robot3,m5,s2
e187,Control,localize,2026-08-28T09:33:31.760883,2026-08-28T09:33:36.767836,robot3,m5,s2
e188,Task,place,2026-08-28T09:33:36.769784,2026-08-28T09:33:39.855910,robot3,m5,s2
e189,Control,move_to,2026-08-28T09:33:40.720771,2026-08-28T09:33:55.151580,robot3,m7,s2
e190,Control,localize,2026-08-28T09:33:55.154779,2026-08-28T09:34:00.161804,robot3,m7,s2
e191,Task,pick,2026-08-28T09:34:00.164656,2026-08-28T09:34:03.169941,robot3,m7,s2
e192,Task,move_to,2026-08-28T09:34:03.172121,2026-08-28T09:34:11.662580,robot3,m7,s2
e193,Control,localize,2026-08-28T09:34:11.667270,2026-08-28T09:34:16.673784,robot3,m7,s2
e194,Task,place,2026-08-28T09:34:16.675977,2026-08-28T09:34:19.681137,robot3,m7,s2
e195,Control,localize,2026-08-28T09:34:21.739886,2026-08-28T09:34:26.745591,robot3,m7,s1
e196,Task,pick,2026-08-28T09:34:26.746999,2026-08-28T09:34:36.750936,robot3,m7,s1
e197,Task,move_to,2026-08-28T09:34:36.752900,2026-08-28T09:34:45.243338,robot3,m7,s1
e198,Control,localize,2026-08-28T09:34:45.247971,2026-08-28T09:34:50.253975,robot3,m7,s1
e199,Task,place,2026-08-28T09:34:50.254944,2026-08-28T09:35:00.261723,robot3,m7,s1
e200,Control,move_to,2026-08-28T09:35:00.716523,2026-08-28T09:35:09.204412,robot3,m7,s4
e201,Control,localize,2026-08-28T09:35:09.205504,2026-08-28T09:35:14.210121,robot3,m7,s4
e202,Task,pick,2026-08-28T09:35:14.211530,2026-08-28T09:35:16.219520,robot3,m7,s4
e203,Task,move_to,2026-08-28T09:35:16.221483,2026-08-28T09:35:24.711806,robot3,m7,s4
e204,Control,localize,2026-08-28T09:35:24.715731,2026-08-28T09:35:29.725362,robot3,m7,s4
e205,Task,place,2026-08-28T09:35:29.728510,2026-08-28T09:35:31.735975,robot3,m7,s4
e206,Control,move_to,2026-08-28T09:35:32.718313,2026-08-28T09:35:47.955526,robot3,m8,s2
e207,Control,localize,2026-08-28T09:35:47.956402,2026-08-28T09:35:52.959296,robot3,m8,s2
e208,Task,pick,2026-08-28T09:35:52.959852,2026-08-28T09:35:55.963730,robot3,m8,s2
e209,Task,move_to,2026-08-28T09:35:55.965129,2026-08-28T09:36:07.282924,robot3,m8,s2
e210,Control,localize,2026-08-28T09:36:07.286933,2026-08-28T09:36:12.294513,robot3,m8,s2
e211,Task,place,2026-08-28T09:36:12.297060,2026-08-28T09:36:15.302866,robot3,m8,s2
e212,Control,localize,2026-08-28T09:36:17.738291,2026-08-28T09:36:22.745659,robot3,m8,s1
e213,Task,pick,2026-08-28T09:36:22.746126,2026-08-28T09:36:26.748803,robot3,m8,s1
e214,Task,move_to,2026-08-28T09:36:26.750185,2026-08-28T09:36:35.238582,robot3,m8,s1
e215,Control,localize,2026-08-28T09:36:35.240277,2026-08-28T09:36:40.245140,robot3,m8,s1
e216,Task,place,2026-08-28T09:36:40.245825,2026-08-28T09:36:44.249821,robot3,m8,s1
e217,Control,move_to,2026-08-28T09:36:44.726431,2026-08-28T09:36:53.217777,robot3,m8,s3
e218,Control,localize,2026-08-28T09:36:53.221345,2026-08-28T09:36:58.294025,robot3,m8,s3
e219,Task,pick,2026-08-28T09:36:58.295735,2026-08-28T09:37:01.301224,robot3,m8,s3
e220,Task,move_to,2026-08-28T09:37:01.303367,2026-08-28T09:37:09.795619,robot3,m8,s3
e221,Control,localize,2026-08-28T09:37:09.800069,2026-08-28T09:37:14.808765,robot3,m8,s3
e222,Task,place,2026-08-28T09:37:14.811335,2026-08-28T09:37:17.819498,robot3,m8,s3
e223,Control,move_to,2026-08-28T09:37:18.742285,2026-08-28T09:37:27.232464,robot3,m8,s4
e224,Control,localize,2026-08-28T09:37:27.234130,2026-08-28T09:37:32.241541,robot3,m8,s4
e225,Task,pick,2026-08-28T09:37:32.243708,2026-08-28T09:37:39.249417,robot3,m8,s4
e226,Task,move_to,2026-08-28T09:37:39.253338,2026-08-28T09:37:47.744168,robot3,m8,s4
e227,Control,localize,2026-08-28T09:37:47.746302,2026-08-28T09:37:52.749777,robot3,m8,s4
e228,Task,place,2026-08-28T09:37:52.750958,2026-08-28T09:37:59.757626,robot3,m8,s4
e229,Control,move_to,2026-08-28T09:38:00.731778,2026-08-28T09:38:09.224395,robot3,m4,s3
e230,Control,localize,2026-08-28T09:38:09.226233,2026-08-28T09:38:14.232006,robot3,m4,s3
e231,Task,pick,2026-08-28T09:38:14.233574,2026-08-28T09:38:19.240569,robot3,m4,s3
e232,Task,move_to,2026-08-28T09:38:19.244065,2026-08-28T09:38:27.733605,robot3,m4,s3
e233,Control,localize,2026-08-28T09:38:27.735678,2026-08-28T09:38:32.740920,robot3,m4,s3
e234,Task,place,2026-08-28T09:38:32.743750,2026-08-28T09:38:37.751114,robot3,m4,s3
e235,Control,move_to,2026-08-28T09:38:38.730852,2026-08-28T09:38:58.538638,robot3,m6,s4
e236,Control,localize,2026-08-28T09:38:58.540489,2026-08-28T09:39:03.546720,robot3,m6,s4
e237,Task,pick,2026-08-28T09:39:03.548326,2026-08-28T09:39:07.554191,robot3,m6,s4
e238,Task,move_to,2026-08-28T09:39:07.560398,2026-08-28T09:39:18.883288,robot3,m6,s4
e239,Control,localize,2026-08-28T09:39:18.886938,2026-08-28T09:39:23.891788,robot3,m6,s4
e240,Task,place,2026-08-28T09:39:23.893490,2026-08-28T09:39:27.897296,robot3,m6,s4
e241,Control,undock,2026-08-28T09:31:18.741605,2026-08-28T09:31:22.746208,robot4,m1,s2
e242,Control,move_to,2026-08-28T09:31:22.746886,2026-08-28T09:31:29.961803,robot4,m1,s2
e243,Control,localize,2026-08-28T09:31:29.964180,2026-08-28T09:31:34.971623,robot4,m1,s2
e244,Task,pick,2026-08-28T09:31:34.973525,2026-08-28T09:31:36.980985,robot4,m1,s2
e245,Task,move_to,2026-08-28T09:31:36.986056,2026-08-28T09:31:45.478552,robot4,m1,s2
e246,Control,localize,2026-08-28T09:31:45.481902,2026-08-28T09:31:50.488030,robot4,m1,s2
e247,Task,place,2026-08-28T09:31:50.489298,2026-08-28T09:31:52.495299,robot4,m1,s2
e248,Control,move_to,2026-08-28T09:31:52.728149,2026-08-28T09:32:01.220197,robot4,m3,s3
e249,Control,localize,2026-08-28T09:32:01.222371,2026-08-28T09:32:06.231338,robot4,m3,s3
e250,Task,pick,2026-08-28T09:32:06.233666,2026-08-28T09:32:11.238662,robot4,m3,s3
e251,Task,move_to,2026-08-28T09:32:11.240959,2026-08-28T09:32:19.734390,robot4,m3,s3
e252,Control,localize,2026-08-28T09:32:19.740355,2026-08-28T09:32:24.745413,robot4,m3,s3
e253,Task,place,2026-08-28T09:32:24.746858,2026-08-28T09:32:29.752737,robot4,m3,s3
e254,Control,localize,2026-08-28T09:32:30.754094,2026-08-28T09:32:35.757019,robot4,m3,s2
e255,Task,pick,2026-08-28T09:32:35.757727,2026-08-28T09:32:38.761348,robot4,m3,s2
e256,Task,move_to,2026-08-28T09:32:38.766655,2026-08-28T09:32:47.259890,robot4,m3,s2
e257,Control,localize,2026-08-28T09:32:47.262689,2026-08-28T09:32:52.267065,robot4,m3,s2
e258,Task,place,2026-08-28T09:32:52.268007,2026-08-28T09:32:55.273504,robot4,m3,s2
e259,Control,move_to,2026-08-28T09:32:55.727824,2026-08-28T09:33:04.220156,robot4,m3,s3
e260,Control,localize,2026-08-28T09:33:04.222747,2026-08-28T09:33:09.231162,robot4,m3,s3
e261,Task,pick,2026-08-28T09:33:09.234277,2026-08-28T09:33:14.243069,robot4,m3,s3
e262,Task,move_to,2026-08-28T09:33:14.247199,2026-08-28T09:33:22.737600,robot4,m3,s3
e263,Control,localize,2026-08-28T09:33:22.740047,2026-08-28T09:33:27.745550,robot4,m3,s3
e264,Task,place,2026-08-28T09:33:27.747921,2026-08-28T09:33:32.753646,robot4,m3,s3
e265,Control,move_to,2026-08-28T09:33:33.730465,2026-08-28T09:33:42.221794,robot4,m5,s3
e266,Control,localize,2026-08-28T09:33:42.224749,2026-08-28T09:33:47.230789,robot4,m5,s3
e267,Task,pick,2026-08-28T09:33:47.232166,2026-08-28T09:33:52.237657,robot4,m5,s3
e268,Task,move_to,2026-08-28T09:33:52.241638,2026-08-28T09:34:00.732817,robot4,m5,s3
e269,Control,localize,2026-08-28T09:34:00.737082,2026-08-28T09:34:05.743880,robot4,m5,s3
e270,Task,place,2026-08-28T09:34:05.744973,2026-08-28T09:34:10.748905,robot4,m5,s3
e271,Control,move_to,2026-08-28T09:34:11.724155,2026-08-28T09:34:21.929955,robot4,m7,s4
e272,Control,localize,2026-08-28T09:34:21.932269,2026-08-28T09:34:26.938626,robot4,m7,s4
e273,Task,pick,2026-08-28T09:34:26.940234,2026-08-28T09:34:28.946012,robot4,m7,s4
e274,Task,move_to,2026-08-28T09:34:28.950305,2026-08-28T09:34:34.614200,robot4,m7,s4
e275,Control,localize,2026-08-28T09:34:34.618176,2026-08-28T09:34:39.622264,robot4,m7,s4
e276,Task,place,2026-08-28T09:34:39.623073,2026-08-28T09:34:41.629750,robot4,m7,s4
e277,Control,localize,2026-08-28T09:34:41.735506,2026-08-28T09:34:46.738633,robot4,m7,s3
e278,Task,pick,2026-08-28T09:34:46.739302,2026-08-28T09:34:49.743734,robot4,m7,s3
e279,Task,move_to,2026-08-28T09:34:49.746860,2026-08-28T09:34:58.237090,robot4,m7,s3
e280,Control,localize,2026-08-28T09:34:58.239845,2026-08-28T09:35:03.243794,robot4,m7,s3
e281,Task,place,2026-08-28T09:35:03.244487,2026-08-28T09:35:06.248432,robot4,m7,s3
e282,Control,move_to,2026-08-28T09:35:06.725948,2026-08-28T09:35:15.214027,robot4,m7,s5
e283,Control,localize,2026-08-28T09:35:15.215263,2026-08-28T09:35:20.220952,robot4,m7,s5
e284,Task,pick,2026-08-28T09:35:20.223771,2026-08-28T09:35:25.231944,robot4,m7,s5
e285,Task,move_to,2026-08-28T09:35:25.237308,2026-08-28T09:35:33.746889,robot4,m7,s5
e286,Control,localize,2026-08-28T09:35:33.754164,2026-08-28T09:35:38.757323,robot4,m7,s5
e287,Task,place,2026-08-28T09:35:38.757994,2026-08-28T09:35:43.763443,robot4,m7,s5
e288,Control,move_to,2026-08-28T09:35:44.724777,2026-08-28T09:35:53.217122,robot4,m2,s1
e289,Control,localize,2026-08-28T09:35:53.220708,2026-08-28T09:35:58.225435,robot4,m2,s1
e290,Task,pick,2026-08-28T09:35:58.227465,2026-08-28T09:36:03.234791,robot4,m2,s1
e291,Task,move_to,2026-08-28T09:36:03.240439,2026-08-28T09:36:11.732513,robot4,m2,s1
e292,Control,localize,2026-08-28T09:36:11.734704,2026-08-28T09:36:16.738386,robot4,m2,s1
e293,Task,place,2026-08-28T09:36:16.739991,2026-08-28T09:36:21.744748,robot4,m2,s1
e294,Control,move_to,2026-08-28T09:36:22.730560,2026-08-28T09:36:34.051495,robot4,m8,s5
e295,Control,localize,2026-08-28T09:36:34.053802,2026-08-28T09:36:39.060898,robot4,m8,s5
e296,Task,pick,2026-08-28T09:36:39.062695,2026-08-28T09:36:44.068454,robot4,m8,s5
e297,Task,move_to,2026-08-28T09:36:44.072480,2026-08-28T09:36:46.906719,robot4,m8,s5
e298,Control,localize,2026-08-28T09:36:46.909080,2026-08-28T09:36:51.914987,robot4,m8,s5
e299,Task,place,2026-08-28T09:36:51.917022,2026-08-28T09:36:56.925480,robot4,m8,s5
e300,Control,move_to,2026-08-28T09:36:57.724663,2026-08-28T09:37:03.388020,robot4,m4,s2
e301,Control,localize,2026-08-28T09:37:03.390243,2026-08-28T09:37:08.395802,robot4,m4,s2
e302,Task,pick,2026-08-28T09:37:08.397526,2026-08-28T09:37:11.403752,robot4,m4,s2
e303,Task,move_to,2026-08-28T09:37:11.408457,2026-08-28T09:37:17.070878,robot4,m4,s2
e304,Control,localize,2026-08-28T09:37:17.074545,2026-08-28T09:37:22.079020,robot4,m4,s2
e305,Task,place,2026-08-28T09:37:22.080329,2026-08-28T09:37:25.086641,robot4,m4,s2
e306,Control,localize,2026-08-28T09:37:25.747369,2026-08-28T09:37:30.753667,robot4,m8,s5
e307,Task,pick,2026-08-28T09:37:30.755542,2026-08-28T09:37:35.761475,robot4,m8,s5
e308,Task,move_to,2026-08-28T09:37:35.763077,2026-08-28T09:37:44.251806,robot4,m8,s5
e309,Control,localize,2026-08-28T09:37:44.255962,2026-08-28T09:37:49.263803,robot4,m8,s5
e310,Task,place,2026-08-28T09:37:49.266629,2026-08-28T09:37:54.272949,robot4,m8,s5
e311,Control,move_to,2026-08-28T09:37:54.728795,2026-08-28T09:38:03.218315,robot4,m4,s1
e312,Control,localize,2026-08-28T09:38:03.219251,2026-08-28T09:38:08.226071,robot4,m4,s1
e313,Task,pick,2026-08-28T09:38:08.227955,2026-08-28T09:38:12.235213,robot4,m4,s1
e314,Task,move_to,2026-08-28T09:38:12.239296,2026-08-28T09:38:20.731300,robot4,m4,s1
e315,Control,localize,2026-08-28T09:38:20.734277,2026-08-28T09:38:25.740057,robot4,m4,s1
e316,Task,place,2026-08-28T09:38:25.741875,2026-08-28T09:38:29.749255,robot4,m4,s1
e317,Control,move_to,2026-08-28T09:38:30.740051,2026-08-28T09:38:39.226387,robot4,m6,s1
e318,Control,localize,2026-08-28T09:38:39.227152,2026-08-28T09:38:44.232748,robot4,m6,s1
e319,Task,pick,2026-08-28T09:38:44.235921,2026-08-28T09:38:54.241197,robot4,m6,s1
e320,Task,move_to,2026-08-28T09:38:54.243673,2026-08-28T09:39:02.731610,robot4,m6,s1
e321,Control,localize,2026-08-28T09:39:02.736292,2026-08-28T09:39:07.742855,robot4,m6,s1
e322,Task,place,2026-08-28T09:39:07.744983,2026-08-28T09:39:17.753085,robot4,m6,s1
e323,Control,move_to,2026-08-28T09:39:39.742219,2026-08-28T09:39:48.236670,robot4,m6,s4
e324,Control,localize,2026-08-28T09:39:48.238625,2026-08-28T09:39:53.246933,robot4,m6,s4
e325,Task,pick,2026-08-28T09:39:53.249702,2026-08-28T09:39:57.258007,robot4,m6,s4
e326,Task,move_to,2026-08-28T09:39:57.262366,2026-08-28T09:40:05.752721,robot4,m6,s4
e327,Control,localize,2026-08-28T09:40:05.754182,2026-08-28T09:40:10.756648,robot4,m6,s4
e328,Task,place,2026-08-28T09:40:10.758662,2026-08-28T09:40:14.765002,robot4,m6,s4
e329,Control,localize,2026-08-28T09:31:54.732271,2026-08-28T09:31:59.739680,robot5,m1,s2
e330,Task,scan,2026-08-28T09:31:59.741557,2026-08-28T09:32:02.746805,robot5,m1,s2
e331,Control,localize,2026-08-28T09:32:03.724791,2026-08-28T09:32:08.730602,robot5,m3,s1
e332,Task,scan,2026-08-28T09:32:08.733140,2026-08-28T09:32:11.740368,robot5,m3,s1
e333,Control,localize,2026-08-28T09:32:12.727479,2026-08-28T09:32:17.734631,robot5,m1,s1
e334,Task,scan,2026-08-28T09:32:17.737442,2026-08-28T09:32:20.745075,robot5,m1,s1
e335,Control,localize,2026-08-28T09:32:21.727182,2026-08-28T09:32:26.732866,robot5,m3,s2
e336,Task,scan,2026-08-28T09:32:26.734632,2026-08-28T09:32:29.741925,robot5,m3,s2
e337,Control,localize,2026-08-28T09:32:30.753278,2026-08-28T09:32:35.757019,robot5,m3,s3
e338,Task,scan,2026-08-28T09:32:35.757808,2026-08-28T09:32:38.761155,robot5,m3,s3
e339,Control,localize,2026-08-28T09:32:39.721903,2026-08-28T09:32:44.725543,robot5,m5,s1
e340,Task,scan,2026-08-28T09:32:44.726128,2026-08-28T09:32:47.731466,robot5,m5,s1
e341,Control,localize,2026-08-28T09:32:48.862844,2026-08-28T09:32:53.875757,robot5,m5,s2
e342,Task,scan,2026-08-28T09:32:53.876850,2026-08-28T09:32:56.882098,robot5,m5,s2
e343,Control,localize,2026-08-28T09:33:10.750013,2026-08-28T09:33:15.754631,robot5,m5,s3
e344,Task,scan,2026-08-28T09:33:15.755953,2026-08-28T09:33:18.761926,robot5,m5,s3
e345,Control,localize,2026-08-28T09:33:51.746241,2026-08-28T09:33:56.756029,robot5,m5,s4
e346,Task,scan,2026-08-28T09:33:56.758050,2026-08-28T09:33:59.766421,robot5,m5,s4
e347,Control,localize,2026-08-28T09:34:10.737881,2026-08-28T09:34:15.746423,robot5,m7,s1
e348,Task,scan,2026-08-28T09:34:15.747504,2026-08-28T09:34:18.753518,robot5,m7,s1
e349,Control,localize,2026-08-28T09:34:21.734622,2026-08-28T09:34:26.741098,robot5,m7,s2
e350,Task,scan,2026-08-28T09:34:26.742533,2026-08-28T09:34:29.748844,robot5,m7,s2
e351,Control,localize,2026-08-28T09:34:30.721878,2026-08-28T09:34:35.732253,robot5,m7,s3
e352,Task,scan,2026-08-28T09:34:35.733449,2026-08-28T09:34:38.736506,robot5,m7,s3
e353,Control,localize,2026-08-28T09:34:43.733271,2026-08-28T09:34:48.743013,robot5,m7,s4
e354,Task,scan,2026-08-28T09:34:48.743867,2026-08-28T09:34:51.747388,robot5,m7,s4
e355,Control,localize,2026-08-28T09:34:52.747011,2026-08-28T09:34:57.750847,robot5,m7,s5
e356,Task,scan,2026-08-28T09:34:57.751336,2026-08-28T09:35:00.754568,robot5,m7,s5
e357,Control,localize,2026-08-28T09:35:31.733996,2026-08-28T09:35:36.742224,robot5,m2,s1
e358,Task,scan,2026-08-28T09:35:36.743982,2026-08-28T09:35:39.749825,robot5,m2,s1
e359,Control,localize,2026-08-28T09:35:47.734957,2026-08-28T09:35:52.753449,robot5,m2,s2
e360,Task,scan,2026-08-28T09:35:52.754223,2026-08-28T09:35:55.759299,robot5,m2,s2
e361,Control,localize,2026-08-28T09:36:06.741849,2026-08-28T09:36:11.741384,robot5,m8,s1
e362,Task,scan,2026-08-28T09:36:11.742528,2026-08-28T09:36:14.745727,robot5,m8,s1
e363,Control,localize,2026-08-28T09:36:17.736790,2026-08-28T09:36:22.743685,robot5,m8,s2
e364,Task,scan,2026-08-28T09:36:22.744450,2026-08-28T09:36:25.748686,robot5,m8,s2
e365,Control,localize,2026-08-28T09:36:26.721439,2026-08-28T09:36:31.727343,robot5,m8,s3
e366,Task,scan,2026-08-28T09:36:31.729229,2026-08-28T09:36:34.735962,robot5,m8,s3
e367,Control,localize,2026-08-28T09:36:58.733898,2026-08-28T09:37:03.738722,robot5,m8,s4
e368,Task,scan,2026-08-28T09:37:03.740160,2026-08-28T09:37:06.744884,robot5,m8,s4
e369,Control,localize,2026-08-28T09:37:07.729300,2026-08-28T09:37:12.735041,robot5,m8,s5
e370,Task,scan,2026-08-28T09:37:12.736062,2026-08-28T09:37:15.739617,robot5,m8,s5
e371,Control,localize,2026-08-28T09:37:27.730118,2026-08-28T09:37:32.735170,robot5,m4,s2
e372,Task,scan,2026-08-28T09:37:32.735902,2026-08-28T09:37:35.739671,robot5,m4,s2
e373,Control,localize,2026-08-28T09:37:36.729394,2026-08-28T09:37:41.733264,robot5,m4,s1
e374,Task,scan,2026-08-28T09:37:41.734950,2026-08-28T09:37:44.746401,robot5,m4,s1
e375,Control,localize,2026-08-28T09:37:47.729344,2026-08-28T09:37:52.735526,robot5,m4,s3
e376,Task,scan,2026-08-28T09:37:52.737319,2026-08-28T09:37:55.746951,robot5,m4,s3
e377,Control,localize,2026-08-28T09:38:08.729985,2026-08-28T09:38:13.737035,robot5,m6,s1
e378,Task,scan,2026-08-28T09:38:13.739053,2026-08-28T09:38:16.746301,robot5,m6,s1
e379,Control,localize,2026-08-28T09:38:47.738947,2026-08-28T09:38:52.747651,robot5,m6,s2
e380,Task,scan,2026-08-28T09:38:52.749373,2026-08-28T09:38:55.755016,robot5,m6,s2
e381,Control,localize,2026-08-28T09:38:56.716533,2026-08-28T09:39:01.722404,robot5,m6,s3
e382,Task,scan,2026-08-28T09:39:01.724055,2026-08-28T09:39:04.731004,robot5,m6,s3
e383,Control,localize,2026-08-28T09:39:28.727460,2026-08-28T09:39:33.734024,robot5,m6,s4
e384,Task,scan,2026-08-28T09:39:33.736114,2026-08-28T09:39:36.741634,robot5,m6,s4
e385,Control,localize,2026-08-28T09:33:00.734904,2026-08-28T09:33:05.742509,robot6,m1,
e386,Task,pack,2026-08-28T09:33:05.745262,2026-08-28T09:33:17.753211,robot6,m1,
e387,Control,localize,2026-08-28T09:33:35.737187,2026-08-28T09:33:40.771834,robot6,m3,
e388,Task,pack,2026-08-28T09:33:40.772598,2026-08-28T09:33:53.375741,robot6,m3,
e389,Control,localize,2026-08-28T09:34:37.742233,2026-08-28T09:34:42.749082,robot6,m5,
e390,Task,pack,2026-08-28T09:34:42.750896,2026-08-28T09:34:59.560815,robot6,m5,
e391,Control,localize,2026-08-28T09:35:44.725027,2026-08-28T09:35:49.729369,robot6,m7,
e392,Task,pack,2026-08-28T09:35:49.730288,2026-08-28T09:36:10.731782,robot6,m7,
e393,Control,localize,2026-08-28T09:36:31.731520,2026-08-28T09:36:36.738123,robot6,m2,
e394,Task,pack,2026-08-28T09:36:36.739685,2026-08-28T09:36:48.745905,robot6,m2,
e395,Control,localize,2026-08-28T09:38:00.737491,2026-08-28T09:38:05.741331,robot6,m8,
e396,Task,pack,2026-08-28T09:38:05.742038,2026-08-28T09:38:26.746280,robot6,m8,
e397,Control,localize,2026-08-28T09:38:38.735390,2026-08-28T09:38:43.740993,robot6,m4,
e398,Task,pack,2026-08-28T09:38:43.743094,2026-08-28T09:38:56.348617,robot6,m4,
e399,Control,localize,2026-08-28T09:40:17.730563,2026-08-28T09:40:22.734227,robot6,m6,
e400,Task,pack,2026-08-28T09:40:22.735152,2026-08-28T09:40:39.540298,robot6,m6,
e401,Control,undock,2026-08-28T09:33:18.719995,2026-08-28T09:33:22.723633,robot7,m1,
e402,Control,move_to,2026-08-28T09:33:22.724133,2026-08-28T09:33:45.353792,robot7,m1,
e403,Control,localize,2026-08-28T09:33:45.354619,2026-08-28T09:33:50.360102,robot7,m1,
e404,Task,load_pack,2026-08-28T09:33:50.362720,2026-08-28T09:34:00.370186,robot7,m1,
e405,Task,move_to,2026-08-28T09:34:00.372600,2026-08-28T09:34:06.034952,robot7,m1,
e406,Control,localize,2026-08-28T09:34:06.038402,2026-08-28T09:34:11.043931,robot7,m1,
e407,Task,unload_pack,2026-08-28T09:34:11.046835,2026-08-28T09:34:19.054045,robot7,m1,
e408,Control,move_to,2026-08-28T09:34:19.731942,2026-08-28T09:34:25.391812,robot7,m3,
e409,Control,localize,2026-08-28T09:34:25.392355,2026-08-28T09:34:30.398435,robot7,m3,
e410,Task,load_pack,2026-08-28T09:34:30.400808,2026-08-28T09:34:40.404783,robot7,m3,
e411,Task,move_to,2026-08-28T09:34:40.406249,2026-08-28T09:34:46.072587,robot7,m3,
e412,Control,localize,2026-08-28T09:34:46.075596,2026-08-28T09:34:51.082239,robot7,m3,
e413,Task,unload_pack,2026-08-28T09:34:51.084817,2026-08-28T09:34:59.093344,robot7,m3,
e414,Control,move_to,2026-08-28T09:35:01.751951,2026-08-28T09:35:07.414733,robot7,m5,
e415,Control,localize,2026-08-28T09:35:07.416777,2026-08-28T09:35:12.427177,robot7,m5,
e416,Task,load_pack,2026-08-28T09:35:12.428633,2026-08-28T09:35:22.434043,robot7,m5,
e417,Task,move_to,2026-08-28T09:35:22.437923,2026-08-28T09:35:28.101156,robot7,m5,
e418,Control,localize,2026-08-28T09:35:28.104887,2026-08-28T09:35:33.109914,robot7,m5,
e419,Task,unload_pack,2026-08-28T09:35:33.111090,2026-08-28T09:35:41.117059,robot7,m5,
e420,Control,move_to,2026-08-28T09:36:13.726718,2026-08-28T09:36:19.386924,robot7,m7,
e421,Control,localize,2026-08-28T09:36:19.387547,2026-08-28T09:36:24.390767,robot7,m7,
e422,Task,load_pack,2026-08-28T09:36:24.391443,2026-08-28T09:36:34.394944,robot7,m7,
e423,Task,move_to,2026-08-28T09:36:34.396645,2026-08-28T09:36:40.060568,robot7,m7,
e424,Control,localize,2026-08-28T09:36:40.068925,2026-08-28T09:36:45.081012,robot7,m7,
e425,Task,unload_pack,2026-08-28T09:36:45.083942,2026-08-28T09:36:53.091500,robot7,m7,
e426,Control,move_to,2026-08-28T09:36:53.751135,2026-08-28T09:36:59.411792,robot7,m2,
e427,Control,localize,2026-08-28T09:36:59.412566,2026-08-28T09:37:04.416276,robot7,m2,
e428,Task,load_pack,2026-08-28T09:37:04.417638,2026-08-28T09:37:11.422832,robot7,m2,
e429,Task,move_to,2026-08-28T09:37:11.425649,2026-08-28T09:37:17.087101,robot7,m2,
e430,Control,localize,2026-08-28T09:37:17.089494,2026-08-28T09:37:22.094912,robot7,m2,
e431,Task,unload_pack,2026-08-28T09:37:22.096151,2026-08-28T09:37:29.102937,robot7,m2,
e432,Control,move_to,2026-08-28T09:38:29.736661,2026-08-28T09:38:35.414747,robot7,m8,
e433,Control,localize,2026-08-28T09:38:35.415979,2026-08-28T09:38:40.419332,robot7,m8,
e434,Task,load_pack,2026-08-28T09:38:40.420300,2026-08-28T09:38:50.425052,robot7,m8,
e435,Task,move_to,2026-08-28T09:38:50.427171,2026-08-28T09:38:56.089177,robot7,m8,
e436,Control,localize,2026-08-28T09:38:56.093148,2026-08-28T09:39:01.098132,robot7,m8,
e437,Task,unload_pack,2026-08-28T09:39:01.101599,2026-08-28T09:39:09.109601,robot7,m8,
e438,Control,move_to,2026-08-28T09:39:09.727563,2026-08-28T09:39:15.398301,robot7,m4,
e439,Control,localize,2026-08-28T09:39:15.399255,2026-08-28T09:39:20.406386,robot7,m4,
e440,Task,load_pack,2026-08-28T09:39:20.408360,2026-08-28T09:39:30.416282,robot7,m4,
e441,Task,move_to,2026-08-28T09:39:30.421561,2026-08-28T09:39:36.082744,robot7,m4,
e442,Control,localize,2026-08-28T09:39:36.084712,2026-08-28T09:39:41.088610,robot7,m4,
e443,Task,unload_pack,2026-08-28T09:39:41.090337,2026-08-28T09:39:49.097126,robot7,m4,
e444,Control,move_to,2026-08-28T09:40:41.732538,2026-08-28T09:40:47.395390,robot7,m6,
e445,Control,localize,2026-08-28T09:40:47.397319,2026-08-28T09:40:52.405326,robot7,m6,
e446,Task,load_pack,2026-08-28T09:40:52.406746,2026-08-28T09:41:02.412227,robot7,m6,
e447,Task,move_to,2026-08-28T09:41:02.413771,2026-08-28T09:41:08.075672,robot7,m6,
e448,Control,localize,2026-08-28T09:41:08.077344,2026-08-28T09:41:13.083591,robot7,m6,
e449,Task,unload_pack,2026-08-28T09:41:13.086878,2026-08-28T09:41:21.094185,robot7,m6,