event_id,event_type,activity,start_time,end_time,robot_id,mission_id,segment_id,task_id
e1,Control,navigate,26:01:01T08:00:00.00,26:01:01T08:00:47.57,r5,,,
e5,Control,navigate,26:01:01T08:00:00.00,26:01:01T08:00:53.93,r3,,,
e10,Control,navigate,26:01:01T08:00:00.00,26:01:01T08:00:55.47,r1,,,
e23,Control,navigate,26:01:01T08:00:10.00,26:01:01T08:00:19.73,r7,,,
e24,Control,enter_room,26:01:01T08:00:19.73,26:01:01T08:00:21.75,r7,,,
e25,Control,localize,26:01:01T08:00:21.75,26:01:01T08:00:23.44,r7,,,
e26,Control,clean_path,26:01:01T08:00:23.44,26:01:01T08:00:30.56,r7,,,
e27,Task,vacuum,26:01:01T08:00:30.56,26:01:01T08:00:53.94,r7,m2,m2_s3,t17
e2,Control,enter_room,26:01:01T08:00:47.57,26:01:01T08:00:49.22,r5,,,
e3,Control,position,26:01:01T08:00:49.22,26:01:01T08:00:51.43,r5,,,
e4,Task,inspect,26:01:01T08:00:51.43,26:01:01T08:01:00.28,r5,m1,m1_s1,t1
e6,Control,enter_room,26:01:01T08:00:53.93,26:01:01T08:00:55.63,r3,,,
e82,Control,navigate,26:01:01T08:00:53.94,26:01:01T08:01:51.15,r8,,,
e32,Control,navigate,26:01:01T08:00:53.94,26:01:01T08:02:10.30,r7,,,
e11,Control,enter_room,26:01:01T08:00:55.47,26:01:01T08:00:57.76,r1,,,
e7,Control,localize,26:01:01T08:00:55.63,26:01:01T08:00:57.61,r3,,,
e8,Control,clean_path,26:01:01T08:00:57.61,26:01:01T08:01:05.77,r3,,,
e12,Control,position,26:01:01T08:00:57.76,26:01:01T08:00:59.70,r1,,,
e13,Task,inspect,26:01:01T08:00:59.70,26:01:01T08:01:06.78,r1,m1,m1_s3,t7
e14,Control,navigate,26:01:01T08:01:00.28,26:01:01T08:01:36.28,r5,,,
e9,Task,vacuum,26:01:01T08:01:05.77,26:01:01T08:01:28.42,r3,m1,m1_s2,t5
e19,Control,navigate,26:01:01T08:01:06.78,26:01:01T08:01:38.14,r1,,,
e135,Control,navigate,26:01:01T08:01:28.42,26:01:01T08:01:37.65,r4,,,
e41,Control,navigate,26:01:01T08:01:28.42,26:01:01T08:02:24.04,r3,,,
e15,Control,enter_room,26:01:01T08:01:36.28,26:01:01T08:01:38.31,r5,,,
e136,Control,position,26:01:01T08:01:37.65,26:01:01T08:01:39.59,r4,,,
e20,Control,enter_room,26:01:01T08:01:38.14,26:01:01T08:01:40.53,r1,,,
e16,Control,localize,26:01:01T08:01:38.31,26:01:01T08:01:40.50,r5,,,
e137,Task,empty_bin,26:01:01T08:01:39.59,26:01:01T08:01:49.92,r4,m1,m1_s2,t6
e17,Control,clean_path,26:01:01T08:01:40.50,26:01:01T08:01:47.54,r5,,,
e21,Control,position,26:01:01T08:01:40.53,26:01:01T08:01:42.65,r1,,,
e22,Task,inspect,26:01:01T08:01:42.65,26:01:01T08:01:50.46,r1,m2,m2_s2,t13
e18,Task,vacuum,26:01:01T08:01:47.54,26:01:01T08:02:10.66,r5,m2,m2_s1,t11
e28,Control,navigate,26:01:01T08:01:50.46,26:01:01T08:02:13.56,r1,,,
e83,Control,position,26:01:01T08:01:51.15,26:01:01T08:01:53.42,r8,,,
e84,Task,empty_bin,26:01:01T08:01:53.42,26:01:01T08:02:05.29,r8,m2,m2_s3,t18
e33,Control,enter_room,26:01:01T08:02:10.30,26:01:01T08:02:11.96,r7,,,
e211,Control,navigate,26:01:01T08:02:10.66,26:01:01T08:02:31.01,r8,,,
e37,Control,navigate,26:01:01T08:02:10.66,26:01:01T08:03:17.92,r5,,,
e34,Control,localize,26:01:01T08:02:11.96,26:01:01T08:02:14.06,r7,,,
e29,Control,enter_room,26:01:01T08:02:13.56,26:01:01T08:02:15.63,r1,,,
e35,Control,clean_path,26:01:01T08:02:14.06,26:01:01T08:02:21.20,r7,,,
e30,Control,position,26:01:01T08:02:15.63,26:01:01T08:02:17.41,r1,,,
e31,Task,inspect,26:01:01T08:02:17.41,26:01:01T08:02:24.52,r1,m3,m3_s1,t19
e36,Task,vacuum,26:01:01T08:02:21.20,26:01:01T08:02:50.25,r7,m3,m3_s2,t23
e42,Control,enter_room,26:01:01T08:02:24.04,26:01:01T08:02:26.17,r3,,,
e46,Control,navigate,26:01:01T08:02:24.52,26:01:01T08:02:26.39,r1,,,
e43,Control,localize,26:01:01T08:02:26.17,26:01:01T08:02:27.94,r3,,,
e47,Control,enter_room,26:01:01T08:02:26.39,26:01:01T08:02:28.44,r1,,,
e44,Control,clean_path,26:01:01T08:02:27.94,26:01:01T08:02:34.77,r3,,,
e48,Control,position,26:01:01T08:02:28.44,26:01:01T08:02:30.42,r1,,,
e49,Task,inspect,26:01:01T08:02:30.42,26:01:01T08:02:39.33,r1,m4,m4_s2,t31
e212,Control,position,26:01:01T08:02:31.01,26:01:01T08:02:33.32,r8,,,
e213,Task,empty_bin,26:01:01T08:02:33.32,26:01:01T08:02:44.93,r8,m2,m2_s1,t12
e45,Task,vacuum,26:01:01T08:02:34.77,26:01:01T08:03:04.12,r3,m4,m4_s1,t29
e55,Control,navigate,26:01:01T08:02:39.33,26:01:01T08:03:26.22,r1,,,
e50,Control,navigate,26:01:01T08:02:50.25,26:01:01T08:03:03.20,r7,,,
e278,Control,navigate,26:01:01T08:02:50.25,26:01:01T08:03:48.11,r4,,,
e51,Control,enter_room,26:01:01T08:03:03.20,26:01:01T08:03:05.44,r7,,,
e59,Control,navigate,26:01:01T08:03:04.12,26:01:01T08:03:28.34,r3,,,
e294,Control,navigate,26:01:01T08:03:04.12,26:01:01T08:03:35.99,r8,,,
e52,Control,localize,26:01:01T08:03:05.44,26:01:01T08:03:07.20,r7,,,
e53,Control,clean_path,26:01:01T08:03:07.20,26:01:01T08:03:13.91,r7,,,
e54,Task,vacuum,26:01:01T08:03:13.91,26:01:01T08:03:38.22,r7,m4,m4_s3,t35
e38,Control,enter_room,26:01:01T08:03:17.92,26:01:01T08:03:20.21,r5,,,
e39,Control,position,26:01:01T08:03:20.21,26:01:01T08:03:21.87,r5,,,
e40,Task,inspect,26:01:01T08:03:21.87,26:01:01T08:03:29.03,r5,m3,m3_s3,t25
e56,Control,enter_room,26:01:01T08:03:26.22,26:01:01T08:03:28.16,r1,,,
e57,Control,position,26:01:01T08:03:28.16,26:01:01T08:03:30.14,r1,,,
e60,Control,enter_room,26:01:01T08:03:28.34,26:01:01T08:03:30.48,r3,,,
e64,Control,navigate,26:01:01T08:03:29.03,26:01:01T08:04:38.61,r5,,,
e58,Task,inspect,26:01:01T08:03:30.14,26:01:01T08:03:38.87,r1,m5,m5_s1,t37
e61,Control,localize,26:01:01T08:03:30.48,26:01:01T08:03:32.87,r3,,,
e62,Control,clean_path,26:01:01T08:03:32.87,26:01:01T08:03:39.58,r3,,,
e295,Control,position,26:01:01T08:03:35.99,26:01:01T08:03:38.00,r8,,,
e296,Task,empty_bin,26:01:01T08:03:38.00,26:01:01T08:03:47.54,r8,m4,m4_s1,t30
e77,Control,navigate,26:01:01T08:03:38.22,26:01:01T08:04:27.33,r7,,,
e73,Control,navigate,26:01:01T08:03:38.87,26:01:01T08:04:04.98,r1,,,
e63,Task,vacuum,26:01:01T08:03:39.58,26:01:01T08:04:03.61,r3,m5,m5_s2,t41
e279,Control,position,26:01:01T08:03:48.11,26:01:01T08:03:50.14,r4,,,
e280,Task,empty_bin,26:01:01T08:03:50.14,26:01:01T08:04:01.89,r4,m3,m3_s2,t24
e316,Control,navigate,26:01:01T08:04:01.89,26:01:01T08:04:14.84,r4,,,
e68,Control,navigate,26:01:01T08:04:03.61,26:01:01T08:04:13.80,r3,,,
e324,Control,navigate,26:01:01T08:04:03.61,26:01:01T08:04:27.83,r8,,,
e74,Control,enter_room,26:01:01T08:04:04.98,26:01:01T08:04:06.78,r1,,,
e75,Control,position,26:01:01T08:04:06.78,26:01:01T08:04:09.12,r1,,,
e76,Task,inspect,26:01:01T08:04:09.12,26:01:01T08:04:16.94,r1,m6,m6_s2,t49
e69,Control,enter_room,26:01:01T08:04:13.80,26:01:01T08:04:15.56,r3,,,
e317,Control,position,26:01:01T08:04:14.84,26:01:01T08:04:17.02,r4,,,
e70,Control,localize,26:01:01T08:04:15.56,26:01:01T08:04:17.51,r3,,,
e85,Control,navigate,26:01:01T08:04:16.94,26:01:01T08:05:11.37,r1,,,
e318,Task,empty_bin,26:01:01T08:04:17.02,26:01:01T08:04:26.22,r4,m4,m4_s3,t36
e71,Control,clean_path,26:01:01T08:04:17.51,26:01:01T08:04:25.26,r3,,,
e72,Task,vacuum,26:01:01T08:04:25.26,26:01:01T08:04:48.05,r3,m6,m6_s1,t47
e78,Control,enter_room,26:01:01T08:04:27.33,26:01:01T08:04:29.62,r7,,,
e325,Control,position,26:01:01T08:04:27.83,26:01:01T08:04:29.54,r8,,,
e326,Task,empty_bin,26:01:01T08:04:29.54,26:01:01T08:04:39.22,r8,m5,m5_s2,t42
e79,Control,localize,26:01:01T08:04:29.62,26:01:01T08:04:31.66,r7,,,
e80,Control,clean_path,26:01:01T08:04:31.66,26:01:01T08:04:38.22,r7,,,
e81,Task,vacuum,26:01:01T08:04:38.22,26:01:01T08:05:08.22,r7,m6,m6_s3,t53
e65,Control,enter_room,26:01:01T08:04:38.61,26:01:01T08:04:40.48,r5,,,
e66,Control,position,26:01:01T08:04:40.48,26:01:01T08:04:42.77,r5,,,
e67,Task,inspect,26:01:01T08:04:42.77,26:01:01T08:04:49.96,r5,m5,m5_s3,t43
e332,Control,navigate,26:01:01T08:04:48.05,26:01:01T08:04:58.24,r8,,,
e89,Control,navigate,26:01:01T08:04:48.05,26:01:01T08:05:39.21,r3,,,
e94,Control,navigate,26:01:01T08:04:49.96,26:01:01T08:05:30.34,r5,,,
e333,Control,position,26:01:01T08:04:58.24,26:01:01T08:05:00.08,r8,,,
e334,Task,empty_bin,26:01:01T08:05:00.08,26:01:01T08:05:10.28,r8,m6,m6_s1,t48
e98,Control,navigate,26:01:01T08:05:08.22,26:01:01T08:05:40.87,r7,,,
e340,Control,navigate,26:01:01T08:05:10.28,26:01:01T08:05:32.50,r8,,,
e86,Control,enter_room,26:01:01T08:05:11.37,26:01:01T08:05:13.71,r1,,,
e87,Control,position,26:01:01T08:05:13.71,26:01:01T08:05:15.99,r1,,,
e88,Task,inspect,26:01:01T08:05:15.99,26:01:01T08:05:22.92,r1,m7,m7_s1,t55
e103,Control,navigate,26:01:01T08:05:22.92,26:01:01T08:06:10.06,r1,,,
e95,Control,enter_room,26:01:01T08:05:30.34,26:01:01T08:05:32.24,r5,,,
e96,Control,position,26:01:01T08:05:32.24,26:01:01T08:05:34.63,r5,,,
e341,Control,position,26:01:01T08:05:32.50,26:01:01T08:05:34.62,r8,,,
e342,Task,empty_bin,26:01:01T08:05:34.62,26:01:01T08:05:44.48,r8,m6,m6_s3,t54
e97,Task,inspect,26:01:01T08:05:34.63,26:01:01T08:05:41.88,r5,m7,m7_s3,t61
e90,Control,enter_room,26:01:01T08:05:39.21,26:01:01T08:05:41.20,r3,,,
e99,Control,enter_room,26:01:01T08:05:40.87,26:01:01T08:05:43.10,r7,,,
e91,Control,localize,26:01:01T08:05:41.20,26:01:01T08:05:42.97,r3,,,
e108,Control,navigate,26:01:01T08:05:41.88,26:01:01T08:06:09.86,r5,,,
e92,Control,clean_path,26:01:01T08:05:42.97,26:01:01T08:05:50.65,r3,,,
e100,Control,localize,26:01:01T08:05:43.10,26:01:01T08:05:45.06,r7,,,
e101,Control,clean_path,26:01:01T08:05:45.06,26:01:01T08:05:52.82,r7,,,
e93,Task,vacuum,26:01:01T08:05:50.65,26:01:01T08:06:11.24,r3,m7,m7_s2,t59
e102,Task,vacuum,26:01:01T08:05:52.82,26:01:01T08:06:22.39,r7,m1,m1_s1,t2
e109,Control,enter_room,26:01:01T08:06:09.86,26:01:01T08:06:11.69,r5,,,
e104,Control,enter_room,26:01:01T08:06:10.06,26:01:01T08:06:12.46,r1,,,
e117,Control,navigate,26:01:01T08:06:11.24,26:01:01T08:06:20.70,r3,,,
e353,Control,navigate,26:01:01T08:06:11.24,26:01:01T08:06:28.52,r4,,,
e110,Control,localize,26:01:01T08:06:11.69,26:01:01T08:06:14.07,r5,,,
e105,Control,localize,26:01:01T08:06:12.46,26:01:01T08:06:14.50,r1,,,
e111,Control,clean_path,26:01:01T08:06:14.07,26:01:01T08:06:22.32,r5,,,
e106,Control,clean_path,26:01:01T08:06:14.50,26:01:01T08:06:23.20,r1,,,
e118,Control,enter_room,26:01:01T08:06:20.70,26:01:01T08:06:22.70,r3,,,
e112,Task,vacuum,26:01:01T08:06:22.32,26:01:01T08:06:47.75,r5,m8,m8_s1,t65
e356,Control,navigate,26:01:01T08:06:22.39,26:01:01T08:06:29.11,r6,,,
e126,Control,navigate,26:01:01T08:06:22.39,26:01:01T08:07:06.97,r7,,,
e119,Control,localize,26:01:01T08:06:22.70,26:01:01T08:06:24.98,r3,,,
e107,Task,vacuum,26:01:01T08:06:23.20,26:01:01T08:06:44.75,r1,m1,m1_s3,t8
e120,Control,clean_path,26:01:01T08:06:24.98,26:01:01T08:06:31.89,r3,,,
e354,Control,position,26:01:01T08:06:28.52,26:01:01T08:06:30.62,r4,,,
e357,Control,enter_room,26:01:01T08:06:29.11,26:01:01T08:06:31.36,r6,,,
e355,Task,empty_bin,26:01:01T08:06:30.62,26:01:01T08:06:39.96,r4,m7,m7_s2,t60
e358,Control,position,26:01:01T08:06:31.36,26:01:01T08:06:33.56,r6,,,
e121,Task,vacuum,26:01:01T08:06:31.89,26:01:01T08:07:01.50,r3,m8,m8_s3,t71
e359,Control,clean_path,26:01:01T08:06:33.56,26:01:01T08:06:42.11,r6,,,
e360,Task,mop,26:01:01T08:06:42.11,26:01:01T08:07:01.69,r6,m1,m1_s1,t3
e113,Control,navigate,26:01:01T08:06:44.75,26:01:01T08:07:00.16,r1,,,
e361,Control,navigate,26:01:01T08:06:44.75,26:01:01T08:07:41.73,r2,,,
e131,Control,navigate,26:01:01T08:06:47.75,26:01:01T08:07:02.84,r5,,,
e366,Control,navigate,26:01:01T08:06:47.75,26:01:01T08:07:09.16,r8,,,
e114,Control,enter_room,26:01:01T08:07:00.16,26:01:01T08:07:02.36,r1,,,
e369,Control,navigate,26:01:01T08:07:01.50,26:01:01T08:07:10.96,r4,,,
e138,Control,navigate,26:01:01T08:07:01.50,26:01:01T08:07:36.04,r3,,,
e115,Control,position,26:01:01T08:07:02.36,26:01:01T08:07:04.01,r1,,,
e132,Control,enter_room,26:01:01T08:07:02.84,26:01:01T08:07:04.64,r5,,,
e116,Task,inspect,26:01:01T08:07:04.01,26:01:01T08:07:12.28,r1,m8,m8_s2,t67
e133,Control,position,26:01:01T08:07:04.64,26:01:01T08:07:06.71,r5,,,
e134,Task,inspect,26:01:01T08:07:06.71,26:01:01T08:07:15.09,r5,m9,m9_s3,t79
e127,Control,enter_room,26:01:01T08:07:06.97,26:01:01T08:07:09.11,r7,,,
e128,Control,localize,26:01:01T08:07:09.11,26:01:01T08:07:10.90,r7,,,
e367,Control,position,26:01:01T08:07:09.16,26:01:01T08:07:11.44,r8,,,
e129,Control,clean_path,26:01:01T08:07:10.90,26:01:01T08:07:17.68,r7,,,
e370,Control,position,26:01:01T08:07:10.96,26:01:01T08:07:12.89,r4,,,
e368,Task,empty_bin,26:01:01T08:07:11.44,26:01:01T08:07:19.73,r8,m8,m8_s1,t66
e122,Control,navigate,26:01:01T08:07:12.28,26:01:01T08:07:28.28,r1,,,
e371,Task,empty_bin,26:01:01T08:07:12.89,26:01:01T08:07:23.41,r4,m8,m8_s3,t72
e147,Control,navigate,26:01:01T08:07:15.09,26:01:01T08:07:44.15,r5,,,
e130,Task,vacuum,26:01:01T08:07:17.68,26:01:01T08:07:46.58,r7,m9,m9_s2,t77
e372,Control,navigate,26:01:01T08:07:19.73,26:01:01T08:07:37.12,r8,,,
e123,Control,enter_room,26:01:01T08:07:28.28,26:01:01T08:07:29.94,r1,,,
e124,Control,position,26:01:01T08:07:29.94,26:01:01T08:07:31.69,r1,,,
e125,Task,inspect,26:01:01T08:07:31.69,26:01:01T08:07:39.99,r1,m9,m9_s1,t73
e139,Control,enter_room,26:01:01T08:07:36.04,26:01:01T08:07:38.05,r3,,,
e373,Control,enter_room,26:01:01T08:07:37.12,26:01:01T08:07:38.88,r8,,,
e140,Control,localize,26:01:01T08:07:38.05,26:01:01T08:07:40.40,r3,,,
e374,Control,position,26:01:01T08:07:38.88,26:01:01T08:07:41.04,r8,,,
e143,Control,navigate,26:01:01T08:07:39.99,26:01:01T08:08:17.00,r1,,,
e141,Control,clean_path,26:01:01T08:07:40.40,26:01:01T08:07:47.46,r3,,,
e375,Task,disinfect,26:01:01T08:07:41.04,26:01:01T08:07:57.00,r8,m1,m1_s1,t4
e362,Control,enter_room,26:01:01T08:07:41.73,26:01:01T08:07:43.49,r2,,,
e363,Control,position,26:01:01T08:07:43.49,26:01:01T08:07:45.11,r2,,,
e148,Control,enter_room,26:01:01T08:07:44.15,26:01:01T08:07:45.99,r5,,,
e364,Control,clean_path,26:01:01T08:07:45.11,26:01:01T08:07:52.29,r2,,,
e149,Control,localize,26:01:01T08:07:45.99,26:01:01T08:07:47.85,r5,,,
e156,Control,navigate,26:01:01T08:07:46.58,26:01:01T08:08:03.98,r7,,,
e142,Task,vacuum,26:01:01T08:07:47.46,26:01:01T08:08:14.62,r3,m10,m10_s1,t83
e150,Control,clean_path,26:01:01T08:07:47.85,26:01:01T08:07:56.65,r5,,,
e365,Task,mop,26:01:01T08:07:52.29,26:01:01T08:08:14.07,r2,m1,m1_s3,t9
e151,Task,vacuum,26:01:01T08:07:56.65,26:01:01T08:08:17.38,r5,m10,m10_s3,t89
e391,Control,navigate,26:01:01T08:07:57.00,26:01:01T08:08:41.58,r8,,,
e157,Control,enter_room,26:01:01T08:08:03.98,26:01:01T08:08:05.64,r7,,,
e158,Control,localize,26:01:01T08:08:05.64,26:01:01T08:08:07.41,r7,,,
e159,Control,clean_path,26:01:01T08:08:07.41,26:01:01T08:08:14.66,r7,,,
e394,Control,navigate,26:01:01T08:08:14.07,26:01:01T08:08:34.01,r4,,,
e165,Control,navigate,26:01:01T08:08:14.62,26:01:01T08:08:44.72,r3,,,
e160,Task,vacuum,26:01:01T08:08:14.66,26:01:01T08:08:43.99,r7,m11,m11_s2,t95
e144,Control,enter_room,26:01:01T08:08:17.00,26:01:01T08:08:18.79,r1,,,
e161,Control,navigate,26:01:01T08:08:17.38,26:01:01T08:08:30.40,r5,,,
e145,Control,position,26:01:01T08:08:18.79,26:01:01T08:08:20.71,r1,,,
e146,Task,inspect,26:01:01T08:08:20.71,26:01:01T08:08:29.25,r1,m10,m10_s2,t85
e152,Control,navigate,26:01:01T08:08:29.25,26:01:01T08:08:41.19,r1,,,
e162,Control,enter_room,26:01:01T08:08:30.40,26:01:01T08:08:32.71,r5,,,
e163,Control,position,26:01:01T08:08:32.71,26:01:01T08:08:35.01,r5,,,
e395,Control,enter_room,26:01:01T08:08:34.01,26:01:01T08:08:36.25,r4,,,
e164,Task,inspect,26:01:01T08:08:35.01,26:01:01T08:08:42.59,r5,m11,m11_s3,t97
e396,Control,position,26:01:01T08:08:36.25,26:01:01T08:08:38.39,r4,,,
e397,Task,disinfect,26:01:01T08:08:38.39,26:01:01T08:08:57.51,r4,m1,m1_s3,t10
e153,Control,enter_room,26:01:01T08:08:41.19,26:01:01T08:08:43.15,r1,,,
e392,Control,position,26:01:01T08:08:41.58,26:01:01T08:08:43.86,r8,,,
e170,Control,navigate,26:01:01T08:08:42.59,26:01:01T08:08:56.01,r5,,,
e154,Control,position,26:01:01T08:08:43.15,26:01:01T08:08:45.55,r1,,,
e393,Task,empty_bin,26:01:01T08:08:43.86,26:01:01T08:08:53.68,r8,m9,m9_s2,t78
e179,Control,navigate,26:01:01T08:08:43.99,26:01:01T08:09:39.85,r7,,,
e166,Control,enter_room,26:01:01T08:08:44.72,26:01:01T08:08:46.45,r3,,,
e155,Task,inspect,26:01:01T08:08:45.55,26:01:01T08:08:55.14,r1,m11,m11_s1,t91
e167,Control,localize,26:01:01T08:08:46.45,26:01:01T08:08:48.72,r3,,,
e168,Control,clean_path,26:01:01T08:08:48.72,26:01:01T08:08:57.37,r3,,,
e401,Control,navigate,26:01:01T08:08:53.68,26:01:01T08:09:38.51,r8,,,
e174,Control,navigate,26:01:01T08:08:55.14,26:01:01T08:09:02.92,r1,,,
e171,Control,enter_room,26:01:01T08:08:56.01,26:01:01T08:08:58.40,r5,,,
e169,Task,vacuum,26:01:01T08:08:57.37,26:01:01T08:09:23.48,r3,m12,m12_s1,t101
e398,Control,navigate,26:01:01T08:08:57.51,26:01:01T08:09:48.97,r4,,,
e172,Control,position,26:01:01T08:08:58.40,26:01:01T08:09:00.52,r5,,,
e173,Task,inspect,26:01:01T08:09:00.52,26:01:01T08:09:06.95,r5,m12,m12_s2,t103
e175,Control,enter_room,26:01:01T08:09:02.92,26:01:01T08:09:05.17,r1,,,
e176,Control,localize,26:01:01T08:09:05.17,26:01:01T08:09:07.01,r1,,,
e184,Control,navigate,26:01:01T08:09:06.95,26:01:01T08:09:35.21,r5,,,
e177,Control,clean_path,26:01:01T08:09:07.01,26:01:01T08:09:15.53,r1,,,
e178,Task,vacuum,26:01:01T08:09:15.53,26:01:01T08:09:44.92,r1,m12,m12_s3,t107
e188,Control,navigate,26:01:01T08:09:23.48,26:01:01T08:10:07.20,r3,,,
e185,Control,enter_room,26:01:01T08:09:35.21,26:01:01T08:09:37.03,r5,,,
e186,Control,position,26:01:01T08:09:37.03,26:01:01T08:09:39.11,r5,,,
e402,Control,position,26:01:01T08:09:38.51,26:01:01T08:09:40.82,r8,,,
e187,Task,inspect,26:01:01T08:09:39.11,26:01:01T08:09:47.81,r5,m13,m13_s1,t109
e180,Control,enter_room,26:01:01T08:09:39.85,26:01:01T08:09:41.55,r7,,,
e403,Task,empty_bin,26:01:01T08:09:40.82,26:01:01T08:09:51.27,r8,m10,m10_s3,t90
e181,Control,localize,26:01:01T08:09:41.55,26:01:01T08:09:43.25,r7,,,
e182,Control,clean_path,26:01:01T08:09:43.25,26:01:01T08:09:49.99,r7,,,
e193,Control,navigate,26:01:01T08:09:44.92,26:01:01T08:10:02.78,r1,,,
e197,Control,navigate,26:01:01T08:09:47.81,26:01:01T08:10:14.66,r5,,,
e399,Control,position,26:01:01T08:09:48.97,26:01:01T08:09:51.04,r4,,,
e183,Task,vacuum,26:01:01T08:09:49.99,26:01:01T08:10:15.52,r7,m2,m2_s2,t14
e400,Task,empty_bin,26:01:01T08:09:51.04,26:01:01T08:10:02.84,r4,m10,m10_s1,t84
e414,Control,navigate,26:01:01T08:09:51.27,26:01:01T08:10:24.71,r8,,,
e194,Control,enter_room,26:01:01T08:10:02.78,26:01:01T08:10:05.11,r1,,,
e427,Control,navigate,26:01:01T08:10:02.84,26:01:01T08:10:32.95,r4,,,
e195,Control,position,26:01:01T08:10:05.11,26:01:01T08:10:07.39,r1,,,
e189,Control,enter_room,26:01:01T08:10:07.20,26:01:01T08:10:08.97,r3,,,
e196,Task,inspect,26:01:01T08:10:07.39,26:01:01T08:10:14.08,r1,m13,m13_s3,t115
e190,Control,localize,26:01:01T08:10:08.97,26:01:01T08:10:11.07,r3,,,
e191,Control,clean_path,26:01:01T08:10:11.07,26:01:01T08:10:18.32,r3,,,
e202,Control,navigate,26:01:01T08:10:14.08,26:01:01T08:10:32.51,r1,,,
e198,Control,enter_room,26:01:01T08:10:14.66,26:01:01T08:10:16.60,r5,,,
e443,Control,navigate,26:01:01T08:10:15.52,26:01:01T08:10:46.88,r2,,,
e206,Control,navigate,26:01:01T08:10:15.52,26:01:01T08:10:57.47,r7,,,
e199,Control,localize,26:01:01T08:10:16.60,26:01:01T08:10:18.42,r5,,,
e192,Task,vacuum,26:01:01T08:10:18.32,26:01:01T08:10:43.20,r3,m13,m13_s2,t113
e200,Control,clean_path,26:01:01T08:10:18.42,26:01:01T08:10:24.83,r5,,,
e415,Control,position,26:01:01T08:10:24.71,26:01:01T08:10:26.51,r8,,,
e201,Task,vacuum,26:01:01T08:10:24.83,26:01:01T08:10:52.54,r5,m14,m14_s1,t119
e416,Task,empty_bin,26:01:01T08:10:26.51,26:01:01T08:10:37.06,r8,m11,m11_s2,t96
e203,Control,enter_room,26:01:01T08:10:32.51,26:01:01T08:10:34.62,r1,,,
e428,Control,position,26:01:01T08:10:32.95,26:01:01T08:10:34.98,r4,,,
e204,Control,position,26:01:01T08:10:34.62,26:01:01T08:10:36.43,r1,,,
e429,Task,empty_bin,26:01:01T08:10:34.98,26:01:01T08:10:43.53,r4,m12,m12_s1,t102
e205,Task,inspect,26:01:01T08:10:36.43,26:01:01T08:10:45.20,r1,m14,m14_s2,t121
e448,Control,navigate,26:01:01T08:10:43.20,26:01:01T08:11:16.10,r8,,,
e218,Control,navigate,26:01:01T08:10:43.20,26:01:01T08:11:29.54,r3,,,
e430,Control,navigate,26:01:01T08:10:43.53,26:01:01T08:11:28.88,r4,,,
e223,Control,navigate,26:01:01T08:10:45.20,26:01:01T08:11:44.23,r1,,,
e444,Control,enter_room,26:01:01T08:10:46.88,26:01:01T08:10:48.95,r2,,,
e445,Control,position,26:01:01T08:10:48.95,26:01:01T08:10:51.10,r2,,,
e446,Control,clean_path,26:01:01T08:10:51.10,26:01:01T08:11:00.24,r2,,,
e214,Control,navigate,26:01:01T08:10:52.54,26:01:01T08:11:19.99,r5,,,
e207,Control,enter_room,26:01:01T08:10:57.47,26:01:01T08:10:59.51,r7,,,
e208,Control,localize,26:01:01T08:10:59.51,26:01:01T08:11:01.45,r7,,,
e447,Task,mop,26:01:01T08:11:00.24,26:01:01T08:11:24.58,r2,m2,m2_s2,t15
e209,Control,clean_path,26:01:01T08:11:01.45,26:01:01T08:11:07.89,r7,,,
e210,Task,vacuum,26:01:01T08:11:07.89,26:01:01T08:11:28.64,r7,m14,m14_s3,t125
e449,Control,position,26:01:01T08:11:16.10,26:01:01T08:11:18.01,r8,,,
e450,Task,empty_bin,26:01:01T08:11:18.01,26:01:01T08:11:26.03,r8,m13,m13_s2,t114
e215,Control,enter_room,26:01:01T08:11:19.99,26:01:01T08:11:22.02,r5,,,
e216,Control,position,26:01:01T08:11:22.02,26:01:01T08:11:24.29,r5,,,
e217,Task,inspect,26:01:01T08:11:24.29,26:01:01T08:11:32.56,r5,m15,m15_s1,t127
e456,Control,navigate,26:01:01T08:11:26.03,26:01:01T08:11:46.04,r8,,,
e227,Control,navigate,26:01:01T08:11:28.64,26:01:01T08:11:51.46,r7,,,
e431,Control,position,26:01:01T08:11:28.88,26:01:01T08:11:30.67,r4,,,
e219,Control,enter_room,26:01:01T08:11:29.54,26:01:01T08:11:31.26,r3,,,
e432,Task,empty_bin,26:01:01T08:11:30.67,26:01:01T08:11:41.44,r4,m12,m12_s3,t108
e220,Control,localize,26:01:01T08:11:31.26,26:01:01T08:11:32.96,r3,,,
e232,Control,navigate,26:01:01T08:11:32.56,26:01:01T08:11:56.79,r5,,,
e221,Control,clean_path,26:01:01T08:11:32.96,26:01:01T08:11:40.35,r3,,,
e222,Task,vacuum,26:01:01T08:11:40.35,26:01:01T08:12:09.34,r3,m15,m15_s2,t131
e459,Control,navigate,26:01:01T08:11:41.44,26:01:01T08:11:55.65,r4,,,
e224,Control,enter_room,26:01:01T08:11:44.23,26:01:01T08:11:46.46,r1,,,
e457,Control,position,26:01:01T08:11:46.04,26:01:01T08:11:47.98,r8,,,
e225,Control,position,26:01:01T08:11:46.46,26:01:01T08:11:48.75,r1,,,
e458,Task,empty_bin,26:01:01T08:11:47.98,26:01:01T08:11:58.97,r8,m14,m14_s1,t120
e226,Task,inspect,26:01:01T08:11:48.75,26:01:01T08:11:58.03,r1,m15,m15_s3,t133
e228,Control,enter_room,26:01:01T08:11:51.46,26:01:01T08:11:53.22,r7,,,
e229,Control,localize,26:01:01T08:11:53.22,26:01:01T08:11:55.02,r7,,,
e230,Control,clean_path,26:01:01T08:11:55.02,26:01:01T08:12:01.75,r7,,,
e460,Control,enter_room,26:01:01T08:11:55.65,26:01:01T08:11:57.68,r4,,,
e233,Control,enter_room,26:01:01T08:11:56.79,26:01:01T08:11:59.10,r5,,,
e461,Control,position,26:01:01T08:11:57.68,26:01:01T08:11:59.77,r4,,,
e237,Control,navigate,26:01:01T08:11:58.03,26:01:01T08:12:27.18,r1,,,
e234,Control,localize,26:01:01T08:11:59.10,26:01:01T08:12:01.02,r5,,,
e462,Task,disinfect,26:01:01T08:11:59.77,26:01:01T08:12:13.98,r4,m2,m2_s2,t16
e235,Control,clean_path,26:01:01T08:12:01.02,26:01:01T08:12:09.41,r5,,,
e231,Task,vacuum,26:01:01T08:12:01.75,26:01:01T08:12:29.55,r7,m3,m3_s1,t20
e241,Control,navigate,26:01:01T08:12:09.34,26:01:01T08:12:36.17,r3,,,
e476,Control,navigate,26:01:01T08:12:09.34,26:01:01T08:13:00.33,r8,,,
e236,Task,vacuum,26:01:01T08:12:09.41,26:01:01T08:12:30.96,r5,m16,m16_s1,t137
e463,Control,navigate,26:01:01T08:12:13.98,26:01:01T08:12:55.93,r4,,,
e238,Control,enter_room,26:01:01T08:12:27.18,26:01:01T08:12:29.53,r1,,,
e239,Control,position,26:01:01T08:12:29.53,26:01:01T08:12:31.82,r1,,,
e246,Control,navigate,26:01:01T08:12:29.55,26:01:01T08:12:31.42,r7,,,
e479,Control,navigate,26:01:01T08:12:29.55,26:01:01T08:12:52.66,r2,,,
e251,Control,navigate,26:01:01T08:12:30.96,26:01:01T08:13:08.22,r5,,,
e247,Control,enter_room,26:01:01T08:12:31.42,26:01:01T08:12:33.29,r7,,,
e240,Task,inspect,26:01:01T08:12:31.82,26:01:01T08:12:41.34,r1,m16,m16_s2,t139
e248,Control,localize,26:01:01T08:12:33.29,26:01:01T08:12:35.63,r7,,,
e249,Control,clean_path,26:01:01T08:12:35.63,26:01:01T08:12:44.60,r7,,,
e242,Control,enter_room,26:01:01T08:12:36.17,26:01:01T08:12:38.42,r3,,,
e243,Control,localize,26:01:01T08:12:38.42,26:01:01T08:12:40.73,r3,,,
e244,Control,clean_path,26:01:01T08:12:40.73,26:01:01T08:12:47.21,r3,,,
e260,Control,navigate,26:01:01T08:12:41.34,26:01:01T08:13:09.43,r1,,,
e250,Task,vacuum,26:01:01T08:12:44.60,26:01:01T08:13:13.24,r7,m4,m4_s2,t32
e245,Task,vacuum,26:01:01T08:12:47.21,26:01:01T08:13:14.57,r3,m16,m16_s3,t143
e480,Control,enter_room,26:01:01T08:12:52.66,26:01:01T08:12:54.71,r2,,,
e481,Control,position,26:01:01T08:12:54.71,26:01:01T08:12:56.33,r2,,,
e464,Control,position,26:01:01T08:12:55.93,26:01:01T08:12:57.70,r4,,,
e482,Control,clean_path,26:01:01T08:12:56.33,26:01:01T08:13:04.79,r2,,,
e465,Task,empty_bin,26:01:01T08:12:57.70,26:01:01T08:13:07.45,r4,m14,m14_s3,t126
e477,Control,position,26:01:01T08:13:00.33,26:01:01T08:13:01.95,r8,,,
e478,Task,empty_bin,26:01:01T08:13:01.95,26:01:01T08:13:11.53,r8,m15,m15_s2,t132
e483,Task,mop,26:01:01T08:13:04.79,26:01:01T08:13:23.58,r2,m3,m3_s1,t21
e252,Control,enter_room,26:01:01T08:13:08.22,26:01:01T08:13:10.47,r5,,,
e261,Control,enter_room,26:01:01T08:13:09.43,26:01:01T08:13:11.68,r1,,,
e253,Control,position,26:01:01T08:13:10.47,26:01:01T08:13:12.28,r5,,,
e484,Control,navigate,26:01:01T08:13:11.53,26:01:01T08:13:57.86,r8,,,
e262,Control,position,26:01:01T08:13:11.68,26:01:01T08:13:13.65,r1,,,
e254,Task,inspect,26:01:01T08:13:12.28,26:01:01T08:13:21.20,r5,m17,m17_s1,t145
e255,Control,navigate,26:01:01T08:13:13.24,26:01:01T08:13:34.47,r7,,,
e263,Task,inspect,26:01:01T08:13:13.65,26:01:01T08:13:21.03,r1,m17,m17_s3,t151
e273,Control,navigate,26:01:01T08:13:14.57,26:01:01T08:13:37.30,r3,,,
e497,Control,navigate,26:01:01T08:13:14.57,26:01:01T08:14:02.97,r4,,,
e269,Control,navigate,26:01:01T08:13:21.03,26:01:01T08:13:59.00,r1,,,
e264,Control,navigate,26:01:01T08:13:21.20,26:01:01T08:13:30.11,r5,,,
e492,Control,navigate,26:01:01T08:13:23.58,26:01:01T08:13:25.45,r2,,,
e493,Control,enter_room,26:01:01T08:13:25.45,26:01:01T08:13:27.35,r2,,,
e494,Control,position,26:01:01T08:13:27.35,26:01:01T08:13:29.55,r2,,,
e495,Control,clean_path,26:01:01T08:13:29.55,26:01:01T08:13:38.62,r2,,,
e265,Control,enter_room,26:01:01T08:13:30.11,26:01:01T08:13:32.35,r5,,,
e266,Control,localize,26:01:01T08:13:32.35,26:01:01T08:13:34.13,r5,,,
e267,Control,clean_path,26:01:01T08:13:34.13,26:01:01T08:13:40.61,r5,,,
e256,Control,enter_room,26:01:01T08:13:34.47,26:01:01T08:13:36.16,r7,,,
e257,Control,localize,26:01:01T08:13:36.16,26:01:01T08:13:38.46,r7,,,
e274,Control,enter_room,26:01:01T08:13:37.30,26:01:01T08:13:39.12,r3,,,
e258,Control,clean_path,26:01:01T08:13:38.46,26:01:01T08:13:47.60,r7,,,
e496,Task,mop,26:01:01T08:13:38.62,26:01:01T08:13:58.44,r2,m4,m4_s2,t33
e275,Control,localize,26:01:01T08:13:39.12,26:01:01T08:13:41.24,r3,,,
e268,Task,vacuum,26:01:01T08:13:40.61,26:01:01T08:14:02.54,r5,m18,m18_s1,t155
e276,Control,clean_path,26:01:01T08:13:41.24,26:01:01T08:13:48.92,r3,,,
e259,Task,vacuum,26:01:01T08:13:47.60,26:01:01T08:14:09.83,r7,m17,m17_s2,t149
e277,Task,vacuum,26:01:01T08:13:48.92,26:01:01T08:14:18.73,r3,m18,m18_s3,t161
e485,Control,position,26:01:01T08:13:57.86,26:01:01T08:13:59.83,r8,,,
e270,Control,enter_room,26:01:01T08:13:59.00,26:01:01T08:14:00.86,r1,,,
e486,Task,empty_bin,26:01:01T08:13:59.83,26:01:01T08:14:08.04,r8,m16,m16_s1,t138
e271,Control,position,26:01:01T08:14:00.86,26:01:01T08:14:03.15,r1,,,
e281,Control,navigate,26:01:01T08:14:02.54,26:01:01T08:14:53.10,r5,,,
e498,Control,position,26:01:01T08:14:02.97,26:01:01T08:14:04.63,r4,,,
e272,Task,inspect,26:01:01T08:14:03.15,26:01:01T08:14:12.65,r1,m18,m18_s2,t157
e499,Task,empty_bin,26:01:01T08:14:04.63,26:01:01T08:14:12.71,r4,m16,m16_s3,t144
e518,Control,navigate,26:01:01T08:14:08.04,26:01:01T08:14:53.78,r8,,,
e285,Control,navigate,26:01:01T08:14:09.83,26:01:01T08:15:21.43,r7,,,
e290,Control,navigate,26:01:01T08:14:12.65,26:01:01T08:14:37.81,r1,,,
e510,Control,navigate,26:01:01T08:14:12.71,26:01:01T08:14:40.03,r4,,,
e297,Control,navigate,26:01:01T08:14:18.73,26:01:01T08:15:12.10,r3,,,
e291,Control,enter_room,26:01:01T08:14:37.81,26:01:01T08:14:39.99,r1,,,
e292,Control,position,26:01:01T08:14:39.99,26:01:01T08:14:41.84,r1,,,
e511,Control,enter_room,26:01:01T08:14:40.03,26:01:01T08:14:41.79,r4,,,
e512,Control,position,26:01:01T08:14:41.79,26:01:01T08:14:43.41,r4,,,
e293,Task,inspect,26:01:01T08:14:41.84,26:01:01T08:14:50.18,r1,m19,m19_s3,t169
e513,Task,disinfect,26:01:01T08:14:43.41,26:01:01T08:14:57.18,r4,m3,m3_s1,t22
e302,Control,navigate,26:01:01T08:14:50.18,26:01:01T08:14:59.41,r1,,,
e282,Control,enter_room,26:01:01T08:14:53.10,26:01:01T08:14:54.80,r5,,,
e519,Control,position,26:01:01T08:14:53.78,26:01:01T08:14:55.55,r8,,,
e283,Control,position,26:01:01T08:14:54.80,26:01:01T08:14:57.17,r5,,,
e520,Task,empty_bin,26:01:01T08:14:55.55,26:01:01T08:15:06.35,r8,m18,m18_s1,t156
e284,Task,inspect,26:01:01T08:14:57.17,26:01:01T08:15:04.14,r5,m19,m19_s1,t163
e514,Control,navigate,26:01:01T08:14:57.18,26:01:01T08:14:59.05,r4,,,
e515,Control,enter_room,26:01:01T08:14:59.05,26:01:01T08:15:00.75,r4,,,
e303,Control,enter_room,26:01:01T08:14:59.41,26:01:01T08:15:01.75,r1,,,
e516,Control,position,26:01:01T08:15:00.75,26:01:01T08:15:02.89,r4,,,
e304,Control,position,26:01:01T08:15:01.75,26:01:01T08:15:03.78,r1,,,
e517,Task,disinfect,26:01:01T08:15:02.89,26:01:01T08:15:19.30,r4,m4,m4_s2,t34
e305,Task,inspect,26:01:01T08:15:03.78,26:01:01T08:15:12.48,r1,m20,m20_s2,t175
e306,Control,navigate,26:01:01T08:15:04.14,26:01:01T08:15:18.77,r5,,,
e529,Control,navigate,26:01:01T08:15:06.35,26:01:01T08:15:39.46,r8,,,
e298,Control,enter_room,26:01:01T08:15:12.10,26:01:01T08:15:14.16,r3,,,
e311,Control,navigate,26:01:01T08:15:12.48,26:01:01T08:15:39.90,r1,,,
e299,Control,localize,26:01:01T08:15:14.16,26:01:01T08:15:15.97,r3,,,
e300,Control,clean_path,26:01:01T08:15:15.97,26:01:01T08:15:24.64,r3,,,
e307,Control,enter_room,26:01:01T08:15:18.77,26:01:01T08:15:20.96,r5,,,
e521,Control,navigate,26:01:01T08:15:19.30,26:01:01T08:15:40.53,r4,,,
e308,Control,localize,26:01:01T08:15:20.96,26:01:01T08:15:23.10,r5,,,
e286,Control,enter_room,26:01:01T08:15:21.43,26:01:01T08:15:23.80,r7,,,
e309,Control,clean_path,26:01:01T08:15:23.10,26:01:01T08:15:30.67,r5,,,
e287,Control,localize,26:01:01T08:15:23.80,26:01:01T08:15:25.62,r7,,,
e301,Task,vacuum,26:01:01T08:15:24.64,26:01:01T08:15:44.65,r3,m20,m20_s1,t173
e288,Control,clean_path,26:01:01T08:15:25.62,26:01:01T08:15:32.36,r7,,,
e310,Task,vacuum,26:01:01T08:15:30.67,26:01:01T08:15:51.37,r5,m20,m20_s3,t179
e289,Task,vacuum,26:01:01T08:15:32.36,26:01:01T08:15:56.71,r7,m19,m19_s2,t167
e530,Control,position,26:01:01T08:15:39.46,26:01:01T08:15:41.83,r8,,,
e312,Control,enter_room,26:01:01T08:15:39.90,26:01:01T08:15:42.03,r1,,,
e522,Control,position,26:01:01T08:15:40.53,26:01:01T08:15:42.74,r4,,,
e531,Task,empty_bin,26:01:01T08:15:41.83,26:01:01T08:15:50.26,r8,m18,m18_s3,t162
e313,Control,localize,26:01:01T08:15:42.03,26:01:01T08:15:43.90,r1,,,
e523,Task,empty_bin,26:01:01T08:15:42.74,26:01:01T08:15:51.41,r4,m17,m17_s2,t150
e314,Control,clean_path,26:01:01T08:15:43.90,26:01:01T08:15:51.30,r1,,,
e319,Control,navigate,26:01:01T08:15:44.65,26:01:01T08:16:16.43,r3,,,
e547,Control,navigate,26:01:01T08:15:50.26,26:01:01T08:16:43.64,r8,,,
e315,Task,vacuum,26:01:01T08:15:51.30,26:01:01T08:16:19.78,r1,m3,m3_s3,t26
e327,Control,navigate,26:01:01T08:15:51.37,26:01:01T08:16:36.42,r5,,,
e550,Control,navigate,26:01:01T08:15:51.41,26:01:01T08:17:04.37,r4,,,
e335,Control,navigate,26:01:01T08:15:56.71,26:01:01T08:16:52.62,r7,,,
e320,Control,enter_room,26:01:01T08:16:16.43,26:01:01T08:16:18.28,r3,,,
e321,Control,localize,26:01:01T08:16:18.28,26:01:01T08:16:20.21,r3,,,
e343,Control,navigate,26:01:01T08:16:19.78,26:01:01T08:16:41.52,r1,,,
e556,Control,navigate,26:01:01T08:16:19.78,26:01:01T08:16:56.59,r2,,,
e322,Control,clean_path,26:01:01T08:16:20.21,26:01:01T08:16:27.89,r3,,,
e323,Task,vacuum,26:01:01T08:16:27.89,26:01:01T08:16:50.85,r3,m5,m5_s1,t38
e328,Control,enter_room,26:01:01T08:16:36.42,26:01:01T08:16:38.77,r5,,,
e329,Control,localize,26:01:01T08:16:38.77,26:01:01T08:16:40.92,r5,,,
e330,Control,clean_path,26:01:01T08:16:40.92,26:01:01T08:16:50.21,r5,,,
e344,Control,enter_room,26:01:01T08:16:41.52,26:01:01T08:16:43.47,r1,,,
e345,Control,localize,26:01:01T08:16:43.47,26:01:01T08:16:45.24,r1,,,
e548,Control,position,26:01:01T08:16:43.64,26:01:01T08:16:45.72,r8,,,
e346,Control,clean_path,26:01:01T08:16:45.24,26:01:01T08:16:53.16,r1,,,
e549,Task,empty_bin,26:01:01T08:16:45.72,26:01:01T08:16:54.20,r8,m20,m20_s1,t174
e331,Task,vacuum,26:01:01T08:16:50.21,26:01:01T08:17:16.36,r5,m6,m6_s2,t50
e376,Control,navigate,26:01:01T08:16:50.85,26:01:01T08:17:43.57,r3,,,
e561,Control,navigate,26:01:01T08:16:50.85,26:01:01T08:17:49.08,r6,,,
e336,Control,enter_room,26:01:01T08:16:52.62,26:01:01T08:16:54.22,r7,,,
e347,Task,vacuum,26:01:01T08:16:53.16,26:01:01T08:17:22.17,r1,m7,m7_s1,t56
e337,Control,localize,26:01:01T08:16:54.22,26:01:01T08:16:56.05,r7,,,
e338,Control,clean_path,26:01:01T08:16:56.05,26:01:01T08:17:03.83,r7,,,
e557,Control,enter_room,26:01:01T08:16:56.59,26:01:01T08:16:58.49,r2,,,
e558,Control,position,26:01:01T08:16:58.49,26:01:01T08:17:00.49,r2,,,
e559,Control,clean_path,26:01:01T08:17:00.49,26:01:01T08:17:07.98,r2,,,
e339,Task,vacuum,26:01:01T08:17:03.83,26:01:01T08:17:29.63,r7,m5,m5_s3,t44
e551,Control,position,26:01:01T08:17:04.37,26:01:01T08:17:06.76,r4,,,
e552,Task,empty_bin,26:01:01T08:17:06.76,26:01:01T08:17:17.89,r4,m20,m20_s3,t180
e560,Task,mop,26:01:01T08:17:07.98,26:01:01T08:17:33.06,r2,m3,m3_s3,t27
e381,Control,navigate,26:01:01T08:17:16.36,26:01:01T08:17:43.13,r5,,,
e553,Control,navigate,26:01:01T08:17:17.89,26:01:01T08:17:53.73,r4,,,
e348,Control,navigate,26:01:01T08:17:22.17,26:01:01T08:17:40.46,r1,,,
e404,Control,navigate,26:01:01T08:17:29.63,26:01:01T08:18:33.69,r7,,,
e566,Control,navigate,26:01:01T08:17:33.06,26:01:01T08:18:22.37,r2,,,
e349,Control,enter_room,26:01:01T08:17:40.46,26:01:01T08:17:42.69,r1,,,
e350,Control,localize,26:01:01T08:17:42.69,26:01:01T08:17:44.43,r1,,,
e382,Control,enter_room,26:01:01T08:17:43.13,26:01:01T08:17:45.35,r5,,,
e377,Control,enter_room,26:01:01T08:17:43.57,26:01:01T08:17:45.36,r3,,,
e351,Control,clean_path,26:01:01T08:17:44.43,26:01:01T08:17:51.10,r1,,,
e383,Control,localize,26:01:01T08:17:45.35,26:01:01T08:17:47.03,r5,,,
e378,Control,localize,26:01:01T08:17:45.36,26:01:01T08:17:47.49,r3,,,
e384,Control,clean_path,26:01:01T08:17:47.03,26:01:01T08:17:54.79,r5,,,
e379,Control,clean_path,26:01:01T08:17:47.49,26:01:01T08:17:53.91,r3,,,
e562,Control,enter_room,26:01:01T08:17:49.08,26:01:01T08:17:51.33,r6,,,
e352,Task,vacuum,26:01:01T08:17:51.10,26:01:01T08:18:16.25,r1,m7,m7_s3,t62
e563,Control,position,26:01:01T08:17:51.33,26:01:01T08:17:53.02,r6,,,
e564,Control,clean_path,26:01:01T08:17:53.02,26:01:01T08:18:02.49,r6,,,
e554,Control,position,26:01:01T08:17:53.73,26:01:01T08:17:55.61,r4,,,
e380,Task,vacuum,26:01:01T08:17:53.91,26:01:01T08:18:21.42,r3,m8,m8_s2,t68
e385,Task,vacuum,26:01:01T08:17:54.79,26:01:01T08:18:16.55,r5,m9,m9_s3,t80
e555,Task,empty_bin,26:01:01T08:17:55.61,26:01:01T08:18:05.32,r4,m19,m19_s2,t168
e565,Task,mop,26:01:01T08:18:02.49,26:01:01T08:18:25.69,r6,m5,m5_s1,t39
e581,Control,navigate,26:01:01T08:18:05.32,26:01:01T08:18:46.81,r4,,,
e417,Control,navigate,26:01:01T08:18:16.25,26:01:01T08:19:19.54,r1,,,
e409,Control,navigate,26:01:01T08:18:16.55,26:01:01T08:18:36.23,r5,,,
e386,Control,navigate,26:01:01T08:18:21.42,26:01:01T08:18:37.42,r3,,,
e567,Control,enter_room,26:01:01T08:18:22.37,26:01:01T08:18:24.63,r2,,,
e568,Control,position,26:01:01T08:18:24.63,26:01:01T08:18:26.80,r2,,,
e600,Control,navigate,26:01:01T08:18:25.69,26:01:01T08:18:57.46,r8,,,
e571,Control,navigate,26:01:01T08:18:25.69,26:01:01T08:19:45.09,r6,,,
e569,Control,clean_path,26:01:01T08:18:26.80,26:01:01T08:18:34.59,r2,,,
e405,Control,enter_room,26:01:01T08:18:33.69,26:01:01T08:18:35.86,r7,,,
e570,Task,mop,26:01:01T08:18:34.59,26:01:01T08:18:58.65,r2,m6,m6_s2,t51
e406,Control,localize,26:01:01T08:18:35.86,26:01:01T08:18:37.87,r7,,,
e410,Control,enter_room,26:01:01T08:18:36.23,26:01:01T08:18:38.55,r5,,,
e387,Control,enter_room,26:01:01T08:18:37.42,26:01:01T08:18:39.78,r3,,,
e407,Control,clean_path,26:01:01T08:18:37.87,26:01:01T08:18:46.93,r7,,,
e411,Control,localize,26:01:01T08:18:38.55,26:01:01T08:18:40.74,r5,,,
e388,Control,localize,26:01:01T08:18:39.78,26:01:01T08:18:41.80,r3,,,
e412,Control,clean_path,26:01:01T08:18:40.74,26:01:01T08:18:48.66,r5,,,
e389,Control,clean_path,26:01:01T08:18:41.80,26:01:01T08:18:48.36,r3,,,
e582,Control,enter_room,26:01:01T08:18:46.81,26:01:01T08:18:49.09,r4,,,
e408,Task,vacuum,26:01:01T08:18:46.93,26:01:01T08:19:12.40,r7,m10,m10_s2,t86
e390,Task,vacuum,26:01:01T08:18:48.36,26:01:01T08:19:10.85,r3,m9,m9_s1,t74
e413,Task,vacuum,26:01:01T08:18:48.66,26:01:01T08:19:11.25,r5,m11,m11_s3,t98
e583,Control,position,26:01:01T08:18:49.09,26:01:01T08:18:51.36,r4,,,
e584,Task,disinfect,26:01:01T08:18:51.36,26:01:01T08:19:04.71,r4,m3,m3_s3,t28
e601,Control,enter_room,26:01:01T08:18:57.46,26:01:01T08:18:59.63,r8,,,
e576,Control,navigate,26:01:01T08:18:58.65,26:01:01T08:19:44.36,r2,,,
e602,Control,position,26:01:01T08:18:59.63,26:01:01T08:19:01.45,r8,,,
e603,Task,disinfect,26:01:01T08:19:01.45,26:01:01T08:19:14.31,r8,m5,m5_s1,t40
e438,Control,navigate,26:01:01T08:19:10.85,26:01:01T08:19:39.45,r3,,,
e422,Control,navigate,26:01:01T08:19:11.25,26:01:01T08:19:24.67,r5,,,
e433,Control,navigate,26:01:01T08:19:12.40,26:01:01T08:20:18.79,r7,,,
e604,Control,navigate,26:01:01T08:19:14.31,26:01:01T08:19:40.42,r8,,,
e418,Control,enter_room,26:01:01T08:19:19.54,26:01:01T08:19:21.75,r1,,,
e419,Control,localize,26:01:01T08:19:21.75,26:01:01T08:19:23.77,r1,,,
e420,Control,clean_path,26:01:01T08:19:23.77,26:01:01T08:19:32.17,r1,,,
e423,Control,enter_room,26:01:01T08:19:24.67,26:01:01T08:19:26.33,r5,,,
e424,Control,localize,26:01:01T08:19:26.33,26:01:01T08:19:28.16,r5,,,
e425,Control,clean_path,26:01:01T08:19:28.16,26:01:01T08:19:35.43,r5,,,
e421,Task,vacuum,26:01:01T08:19:32.17,26:01:01T08:19:54.92,r1,m11,m11_s1,t92
e426,Task,vacuum,26:01:01T08:19:35.43,26:01:01T08:19:58.62,r5,m12,m12_s2,t104
e439,Control,enter_room,26:01:01T08:19:39.45,26:01:01T08:19:41.38,r3,,,
e605,Control,enter_room,26:01:01T08:19:40.42,26:01:01T08:19:42.78,r8,,,
e440,Control,localize,26:01:01T08:19:41.38,26:01:01T08:19:43.15,r3,,,
e606,Control,position,26:01:01T08:19:42.78,26:01:01T08:19:44.45,r8,,,
e441,Control,clean_path,26:01:01T08:19:43.15,26:01:01T08:19:50.89,r3,,,
e577,Control,enter_room,26:01:01T08:19:44.36,26:01:01T08:19:46.34,r2,,,
e607,Task,disinfect,26:01:01T08:19:44.45,26:01:01T08:20:01.86,r8,m6,m6_s2,t52
e572,Control,enter_room,26:01:01T08:19:45.09,26:01:01T08:19:47.46,r6,,,
e578,Control,position,26:01:01T08:19:46.34,26:01:01T08:19:48.29,r2,,,
e573,Control,position,26:01:01T08:19:47.46,26:01:01T08:19:49.27,r6,,,
e579,Control,clean_path,26:01:01T08:19:48.29,26:01:01T08:19:57.03,r2,,,
e574,Control,clean_path,26:01:01T08:19:49.27,26:01:01T08:19:58.26,r6,,,
e442,Task,vacuum,26:01:01T08:19:50.89,26:01:01T08:20:19.94,r3,m13,m13_s3,t116
e451,Control,navigate,26:01:01T08:19:54.92,26:01:01T08:20:03.53,r1,,,
e580,Task,mop,26:01:01T08:19:57.03,26:01:01T08:20:16.99,r2,m5,m5_s3,t45
e575,Task,mop,26:01:01T08:19:58.26,26:01:01T08:20:20.60,r6,m7,m7_s1,t57
e466,Control,navigate,26:01:01T08:19:58.62,26:01:01T08:20:49.34,r5,,,
e452,Control,enter_room,26:01:01T08:20:03.53,26:01:01T08:20:05.41,r1,,,
e453,Control,localize,26:01:01T08:20:05.41,26:01:01T08:20:07.61,r1,,,
e454,Control,clean_path,26:01:01T08:20:07.61,26:01:01T08:20:16.75,r1,,,
e455,Task,vacuum,26:01:01T08:20:16.75,26:01:01T08:20:46.28,r1,m14,m14_s2,t122
e590,Control,navigate,26:01:01T08:20:16.99,26:01:01T08:20:36.05,r2,,,
e633,Control,navigate,26:01:01T08:20:16.99,26:01:01T08:21:02.70,r8,,,
e434,Control,enter_room,26:01:01T08:20:18.79,26:01:01T08:20:20.95,r7,,,
e471,Control,navigate,26:01:01T08:20:19.94,26:01:01T08:21:05.46,r3,,,
e585,Control,navigate,26:01:01T08:20:20.60,26:01:01T08:20:38.88,r6,,,
e642,Control,navigate,26:01:01T08:20:20.60,26:01:01T08:20:42.33,r4,,,
e435,Control,localize,26:01:01T08:20:20.95,26:01:01T08:20:22.60,r7,,,
e436,Control,clean_path,26:01:01T08:20:22.60,26:01:01T08:20:30.31,r7,,,
e437,Task,vacuum,26:01:01T08:20:30.31,26:01:01T08:20:55.73,r7,m13,m13_s1,t110
e591,Control,enter_room,26:01:01T08:20:36.05,26:01:01T08:20:37.96,r2,,,
e592,Control,position,26:01:01T08:20:37.96,26:01:01T08:20:39.58,r2,,,
e586,Control,enter_room,26:01:01T08:20:38.88,26:01:01T08:20:41.19,r6,,,
e593,Control,clean_path,26:01:01T08:20:39.58,26:01:01T08:20:48.70,r2,,,
e587,Control,position,26:01:01T08:20:41.19,26:01:01T08:20:42.98,r6,,,
e643,Control,enter_room,26:01:01T08:20:42.33,26:01:01T08:20:44.51,r4,,,
e588,Control,clean_path,26:01:01T08:20:42.98,26:01:01T08:20:50.87,r6,,,
e644,Control,position,26:01:01T08:20:44.51,26:01:01T08:20:46.89,r4,,,
e487,Control,navigate,26:01:01T08:20:46.28,26:01:01T08:21:41.39,r1,,,
e645,Task,disinfect,26:01:01T08:20:46.89,26:01:01T08:21:03.05,r4,m7,m7_s1,t58
e594,Task,mop,26:01:01T08:20:48.70,26:01:01T08:21:07.90,r2,m9,m9_s3,t81
e467,Control,enter_room,26:01:01T08:20:49.34,26:01:01T08:20:50.96,r5,,,
e589,Task,mop,26:01:01T08:20:50.87,26:01:01T08:21:13.84,r6,m7,m7_s3,t63
e468,Control,localize,26:01:01T08:20:50.96,26:01:01T08:20:52.83,r5,,,
e469,Control,clean_path,26:01:01T08:20:52.83,26:01:01T08:21:01.41,r5,,,
e505,Control,navigate,26:01:01T08:20:55.73,26:01:01T08:21:30.16,r7,,,
e470,Task,vacuum,26:01:01T08:21:01.41,26:01:01T08:21:25.45,r5,m15,m15_s1,t128
e634,Control,enter_room,26:01:01T08:21:02.70,26:01:01T08:21:04.46,r8,,,
e635,Control,position,26:01:01T08:21:04.46,26:01:01T08:21:06.15,r8,,,
e472,Control,enter_room,26:01:01T08:21:05.46,26:01:01T08:21:07.19,r3,,,
e636,Task,disinfect,26:01:01T08:21:06.15,26:01:01T08:21:22.38,r8,m5,m5_s3,t46
e473,Control,localize,26:01:01T08:21:07.19,26:01:01T08:21:09.16,r3,,,
e595,Control,navigate,26:01:01T08:21:07.90,26:01:01T08:22:09.50,r2,,,
e474,Control,clean_path,26:01:01T08:21:09.16,26:01:01T08:21:15.97,r3,,,
e660,Control,navigate,26:01:01T08:21:13.84,26:01:01T08:21:32.13,r4,,,
e608,Control,navigate,26:01:01T08:21:13.84,26:01:01T08:22:07.71,r6,,,
e475,Task,vacuum,26:01:01T08:21:15.97,26:01:01T08:21:42.20,r3,m15,m15_s3,t134
e656,Control,navigate,26:01:01T08:21:22.38,26:01:01T08:21:41.44,r8,,,
e524,Control,navigate,26:01:01T08:21:25.45,26:01:01T08:22:27.26,r5,,,
e506,Control,enter_room,26:01:01T08:21:30.16,26:01:01T08:21:32.38,r7,,,
e661,Control,enter_room,26:01:01T08:21:32.13,26:01:01T08:21:33.83,r4,,,
e507,Control,localize,26:01:01T08:21:32.38,26:01:01T08:21:34.50,r7,,,
e662,Control,position,26:01:01T08:21:33.83,26:01:01T08:21:36.12,r4,,,
e508,Control,clean_path,26:01:01T08:21:34.50,26:01:01T08:21:43.32,r7,,,
e663,Task,disinfect,26:01:01T08:21:36.12,26:01:01T08:21:52.07,r4,m7,m7_s3,t64
e488,Control,enter_room,26:01:01T08:21:41.39,26:01:01T08:21:43.29,r1,,,
e657,Control,enter_room,26:01:01T08:21:41.44,26:01:01T08:21:43.82,r8,,,
e500,Control,navigate,26:01:01T08:21:42.20,26:01:01T08:21:44.73,r3,,,
e489,Control,localize,26:01:01T08:21:43.29,26:01:01T08:21:45.06,r1,,,
e509,Task,vacuum,26:01:01T08:21:43.32,26:01:01T08:22:12.81,r7,m17,m17_s1,t146
e658,Control,position,26:01:01T08:21:43.82,26:01:01T08:21:45.86,r8,,,
e501,Control,enter_room,26:01:01T08:21:44.73,26:01:01T08:21:46.76,r3,,,
e490,Control,clean_path,26:01:01T08:21:45.06,26:01:01T08:21:52.51,r1,,,
e659,Task,disinfect,26:01:01T08:21:45.86,26:01:01T08:22:03.13,r8,m9,m9_s3,t82
e502,Control,localize,26:01:01T08:21:46.76,26:01:01T08:21:49.16,r3,,,
e503,Control,clean_path,26:01:01T08:21:49.16,26:01:01T08:21:56.68,r3,,,
e491,Task,vacuum,26:01:01T08:21:52.51,26:01:01T08:22:20.12,r1,m16,m16_s2,t140
e504,Task,vacuum,26:01:01T08:21:56.68,26:01:01T08:22:23.18,r3,m17,m17_s3,t152
e609,Control,enter_room,26:01:01T08:22:07.71,26:01:01T08:22:09.70,r6,,,
e596,Control,enter_room,26:01:01T08:22:09.50,26:01:01T08:22:11.27,r2,,,
e610,Control,position,26:01:01T08:22:09.70,26:01:01T08:22:11.91,r6,,,
e597,Control,position,26:01:01T08:22:11.27,26:01:01T08:22:13.51,r2,,,
e611,Control,clean_path,26:01:01T08:22:11.91,26:01:01T08:22:20.52,r6,,,
e537,Control,navigate,26:01:01T08:22:12.81,26:01:01T08:22:54.47,r7,,,
e598,Control,clean_path,26:01:01T08:22:13.51,26:01:01T08:22:21.00,r2,,,
e532,Control,navigate,26:01:01T08:22:20.12,26:01:01T08:22:55.50,r1,,,
e612,Task,mop,26:01:01T08:22:20.52,26:01:01T08:22:43.80,r6,m9,m9_s1,t75
e599,Task,mop,26:01:01T08:22:21.00,26:01:01T08:22:46.35,r2,m8,m8_s2,t69
e542,Control,navigate,26:01:01T08:22:23.18,26:01:01T08:23:15.69,r3,,,
e525,Control,enter_room,26:01:01T08:22:27.26,26:01:01T08:22:29.34,r5,,,
e526,Control,localize,26:01:01T08:22:29.34,26:01:01T08:22:31.54,r5,,,
e527,Control,clean_path,26:01:01T08:22:31.54,26:01:01T08:22:38.31,r5,,,
e528,Task,vacuum,26:01:01T08:22:38.31,26:01:01T08:23:06.50,r5,m18,m18_s2,t158
e613,Control,navigate,26:01:01T08:22:43.80,26:01:01T08:23:30.63,r6,,,
e689,Control,navigate,26:01:01T08:22:43.80,26:01:01T08:23:37.67,r4,,,
e618,Control,navigate,26:01:01T08:22:46.35,26:01:01T08:23:13.90,r2,,,
e693,Control,navigate,26:01:01T08:22:46.35,26:01:01T08:23:47.95,r8,,,
e538,Control,enter_room,26:01:01T08:22:54.47,26:01:01T08:22:56.39,r7,,,
e533,Control,enter_room,26:01:01T08:22:55.50,26:01:01T08:22:57.12,r1,,,
e539,Control,localize,26:01:01T08:22:56.39,26:01:01T08:22:58.56,r7,,,
e534,Control,localize,26:01:01T08:22:57.12,26:01:01T08:22:58.97,r1,,,
e540,Control,clean_path,26:01:01T08:22:58.56,26:01:01T08:23:05.20,r7,,,
e535,Control,clean_path,26:01:01T08:22:58.97,26:01:01T08:23:07.54,r1,,,
e541,Task,vacuum,26:01:01T08:23:05.20,26:01:01T08:23:32.11,r7,m19,m19_s1,t164
e536,Task,vacuum,26:01:01T08:23:07.54,26:01:01T08:23:37.12,r1,m19,m19_s3,t170
e619,Control,enter_room,26:01:01T08:23:13.90,26:01:01T08:23:16.06,r2,,,
e543,Control,enter_room,26:01:01T08:23:15.69,26:01:01T08:23:17.79,r3,,,
e620,Control,position,26:01:01T08:23:16.06,26:01:01T08:23:17.90,r2,,,
e544,Control,localize,26:01:01T08:23:17.79,26:01:01T08:23:19.47,r3,,,
e621,Control,clean_path,26:01:01T08:23:17.90,26:01:01T08:23:26.16,r2,,,
e545,Control,clean_path,26:01:01T08:23:19.47,26:01:01T08:23:28.34,r3,,,
e622,Task,mop,26:01:01T08:23:26.16,26:01:01T08:23:47.93,r2,m10,m10_s2,t87
e546,Task,vacuum,26:01:01T08:23:28.34,26:01:01T08:23:56.85,r3,m20,m20_s2,t176
e614,Control,enter_room,26:01:01T08:23:30.63,26:01:01T08:23:32.62,r6,,,
e628,Control,navigate,26:01:01T08:23:32.11,26:01:01T08:24:05.10,r7,,,
e615,Control,position,26:01:01T08:23:32.62,26:01:01T08:23:34.86,r6,,,
e616,Control,clean_path,26:01:01T08:23:34.86,26:01:01T08:23:41.56,r6,,,
e690,Control,enter_room,26:01:01T08:23:37.67,26:01:01T08:23:39.90,r4,,,
e691,Control,position,26:01:01T08:23:39.90,26:01:01T08:23:41.68,r4,,,
e617,Task,mop,26:01:01T08:23:41.56,26:01:01T08:24:01.11,r6,m11,m11_s3,t99
e692,Task,disinfect,26:01:01T08:23:41.68,26:01:01T08:23:57.83,r4,m9,m9_s1,t76
e623,Control,navigate,26:01:01T08:23:47.93,26:01:01T08:23:59.86,r2,,,
e694,Control,enter_room,26:01:01T08:23:47.95,26:01:01T08:23:49.91,r8,,,
e695,Control,position,26:01:01T08:23:49.91,26:01:01T08:23:51.87,r8,,,
e696,Task,disinfect,26:01:01T08:23:51.87,26:01:01T08:24:10.17,r8,m8,m8_s2,t70
e646,Control,navigate,26:01:01T08:23:56.85,26:01:01T08:24:31.58,r3,,,
e718,Control,navigate,26:01:01T08:23:57.83,26:01:01T08:24:34.83,r4,,,
e624,Control,enter_room,26:01:01T08:23:59.86,26:01:01T08:24:01.88,r2,,,
e637,Control,navigate,26:01:01T08:24:01.11,26:01:01T08:24:23.54,r6,,,
e625,Control,position,26:01:01T08:24:01.88,26:01:01T08:24:03.82,r2,,,
e626,Control,clean_path,26:01:01T08:24:03.82,26:01:01T08:24:12.61,r2,,,
e629,Control,enter_room,26:01:01T08:24:05.10,26:01:01T08:24:07.26,r7,,,
e630,Control,position,26:01:01T08:24:07.26,26:01:01T08:24:09.08,r7,,,
e631,Control,clean_path,26:01:01T08:24:09.08,26:01:01T08:24:16.28,r7,,,
e727,Control,navigate,26:01:01T08:24:10.17,26:01:01T08:24:55.82,r8,,,
e627,Task,mop,26:01:01T08:24:12.61,26:01:01T08:24:33.12,r2,m11,m11_s1,t93
e632,Task,mop,26:01:01T08:24:16.28,26:01:01T08:24:34.95,r7,m12,m12_s2,t105
e638,Control,enter_room,26:01:01T08:24:23.54,26:01:01T08:24:25.75,r6,,,
e639,Control,position,26:01:01T08:24:25.75,26:01:01T08:24:27.50,r6,,,
e640,Control,clean_path,26:01:01T08:24:27.50,26:01:01T08:24:34.59,r6,,,
e647,Control,enter_room,26:01:01T08:24:31.58,26:01:01T08:24:33.41,r3,,,
e664,Control,navigate,26:01:01T08:24:33.12,26:01:01T08:25:48.34,r2,,,
e648,Control,position,26:01:01T08:24:33.41,26:01:01T08:24:35.09,r3,,,
e641,Task,mop,26:01:01T08:24:34.59,26:01:01T08:24:56.45,r6,m13,m13_s3,t117
e719,Control,enter_room,26:01:01T08:24:34.83,26:01:01T08:24:36.43,r4,,,
e651,Control,navigate,26:01:01T08:24:34.95,26:01:01T08:25:03.21,r7,,,
e649,Control,clean_path,26:01:01T08:24:35.09,26:01:01T08:24:42.11,r3,,,
e720,Control,position,26:01:01T08:24:36.43,26:01:01T08:24:38.39,r4,,,
e721,Task,disinfect,26:01:01T08:24:38.39,26:01:01T08:24:54.99,r4,m10,m10_s2,t88
e650,Task,mop,26:01:01T08:24:42.11,26:01:01T08:25:01.71,r3,m14,m14_s2,t123
e731,Control,navigate,26:01:01T08:24:54.99,26:01:01T08:25:06.92,r4,,,
e728,Control,enter_room,26:01:01T08:24:55.82,26:01:01T08:24:57.79,r8,,,
e669,Control,navigate,26:01:01T08:24:56.45,26:01:01T08:25:41.97,r6,,,
e729,Control,position,26:01:01T08:24:57.79,26:01:01T08:24:59.94,r8,,,
e730,Task,disinfect,26:01:01T08:24:59.94,26:01:01T08:25:18.65,r8,m11,m11_s3,t100
e674,Control,navigate,26:01:01T08:25:01.71,26:01:01T08:25:50.27,r3,,,
e652,Control,enter_room,26:01:01T08:25:03.21,26:01:01T08:25:04.95,r7,,,
e653,Control,position,26:01:01T08:25:04.95,26:01:01T08:25:06.57,r7,,,
e654,Control,clean_path,26:01:01T08:25:06.57,26:01:01T08:25:14.67,r7,,,
e732,Control,enter_room,26:01:01T08:25:06.92,26:01:01T08:25:09.15,r4,,,
e733,Control,position,26:01:01T08:25:09.15,26:01:01T08:25:11.25,r4,,,
e734,Task,disinfect,26:01:01T08:25:11.25,26:01:01T08:25:28.29,r4,m11,m11_s1,t94
e655,Task,mop,26:01:01T08:25:14.67,26:01:01T08:25:34.69,r7,m13,m13_s1,t111
e735,Control,navigate,26:01:01T08:25:18.65,26:01:01T08:25:32.06,r8,,,
e739,Control,navigate,26:01:01T08:25:28.29,26:01:01T08:25:38.51,r4,,,
e736,Control,enter_room,26:01:01T08:25:32.06,26:01:01T08:25:34.41,r8,,,
e737,Control,position,26:01:01T08:25:34.41,26:01:01T08:25:36.35,r8,,,
e684,Control,navigate,26:01:01T08:25:34.69,26:01:01T08:26:24.86,r7,,,
e738,Task,disinfect,26:01:01T08:25:36.35,26:01:01T08:25:52.64,r8,m12,m12_s2,t106
e740,Control,enter_room,26:01:01T08:25:38.51,26:01:01T08:25:40.63,r4,,,
e741,Control,position,26:01:01T08:25:40.63,26:01:01T08:25:42.96,r4,,,
e670,Control,enter_room,26:01:01T08:25:41.97,26:01:01T08:25:43.72,r6,,,
e742,Task,disinfect,26:01:01T08:25:42.96,26:01:01T08:26:01.05,r4,m13,m13_s3,t118
e671,Control,position,26:01:01T08:25:43.72,26:01:01T08:25:45.36,r6,,,
e672,Control,clean_path,26:01:01T08:25:45.36,26:01:01T08:25:54.77,r6,,,
e665,Control,enter_room,26:01:01T08:25:48.34,26:01:01T08:25:50.64,r2,,,
e675,Control,enter_room,26:01:01T08:25:50.27,26:01:01T08:25:52.53,r3,,,
e666,Control,position,26:01:01T08:25:50.64,26:01:01T08:25:52.70,r2,,,
e676,Control,position,26:01:01T08:25:52.53,26:01:01T08:25:54.45,r3,,,
e747,Control,navigate,26:01:01T08:25:52.64,26:01:01T08:26:20.90,r8,,,
e667,Control,clean_path,26:01:01T08:25:52.70,26:01:01T08:26:00.60,r2,,,
e677,Control,clean_path,26:01:01T08:25:54.45,26:01:01T08:26:01.08,r3,,,
e673,Task,mop,26:01:01T08:25:54.77,26:01:01T08:26:16.58,r6,m15,m15_s3,t135
e668,Task,mop,26:01:01T08:26:00.60,26:01:01T08:26:22.08,r2,m15,m15_s1,t129
e743,Control,navigate,26:01:01T08:26:01.05,26:01:01T08:26:19.48,r4,,,
e678,Task,mop,26:01:01T08:26:01.08,26:01:01T08:26:24.22,r3,m17,m17_s1,t147
e679,Control,navigate,26:01:01T08:26:16.58,26:01:01T08:26:45.73,r6,,,
e744,Control,enter_room,26:01:01T08:26:19.48,26:01:01T08:26:21.14,r4,,,
e748,Control,enter_room,26:01:01T08:26:20.90,26:01:01T08:26:23.10,r8,,,
e745,Control,position,26:01:01T08:26:21.14,26:01:01T08:26:22.87,r4,,,
e705,Control,navigate,26:01:01T08:26:22.08,26:01:01T08:26:53.82,r2,,,
e746,Task,disinfect,26:01:01T08:26:22.87,26:01:01T08:26:37.64,r4,m14,m14_s2,t124
e749,Control,position,26:01:01T08:26:23.10,26:01:01T08:26:25.15,r8,,,
e697,Control,dock,26:01:01T08:26:24.22,26:01:01T08:26:26.22,r3,,,
e685,Control,enter_room,26:01:01T08:26:24.86,26:01:01T08:26:27.26,r7,,,
e750,Task,disinfect,26:01:01T08:26:25.15,26:01:01T08:26:39.80,r8,m13,m13_s1,t112
e698,Control,recharge,26:01:01T08:26:26.22,26:01:01T08:26:56.22,r3,,,
e686,Control,position,26:01:01T08:26:27.26,26:01:01T08:26:28.95,r7,,,
e687,Control,clean_path,26:01:01T08:26:28.95,26:01:01T08:26:37.80,r7,,,
e755,Control,navigate,26:01:01T08:26:37.64,26:01:01T08:27:57.89,r4,,,
e688,Task,mop,26:01:01T08:26:37.80,26:01:01T08:27:00.73,r7,m17,m17_s3,t153
e751,Control,navigate,26:01:01T08:26:39.80,26:01:01T08:27:29.35,r8,,,
e680,Control,enter_room,26:01:01T08:26:45.73,26:01:01T08:26:47.37,r6,,,
e681,Control,position,26:01:01T08:26:47.37,26:01:01T08:26:49.09,r6,,,
e682,Control,clean_path,26:01:01T08:26:49.09,26:01:01T08:26:57.29,r6,,,
e706,Control,enter_room,26:01:01T08:26:53.82,26:01:01T08:26:56.01,r2,,,
e707,Control,position,26:01:01T08:26:56.01,26:01:01T08:26:58.37,r2,,,
e699,Control,undock,26:01:01T08:26:56.22,26:01:01T08:26:58.22,r3,,,
e683,Task,mop,26:01:01T08:26:57.29,26:01:01T08:27:17.57,r6,m16,m16_s2,t141
e700,Control,navigate,26:01:01T08:26:58.22,26:01:01T08:27:33.89,r3,,,
e708,Control,clean_path,26:01:01T08:26:58.37,26:01:01T08:27:05.43,r2,,,
e710,Control,dock,26:01:01T08:27:00.73,26:01:01T08:27:02.73,r7,,,
e711,Control,recharge,26:01:01T08:27:02.73,26:01:01T08:27:32.73,r7,,,
e709,Task,mop,26:01:01T08:27:05.43,26:01:01T08:27:24.89,r2,m19,m19_s1,t165
e722,Control,navigate,26:01:01T08:27:17.57,26:01:01T08:27:51.51,r6,,,
e752,Control,enter_room,26:01:01T08:27:29.35,26:01:01T08:27:31.05,r8,,,
e753,Control,position,26:01:01T08:27:31.05,26:01:01T08:27:33.20,r8,,,
e712,Control,undock,26:01:01T08:27:32.73,26:01:01T08:27:34.73,r7,,,
e754,Task,disinfect,26:01:01T08:27:33.20,26:01:01T08:27:50.48,r8,m15,m15_s3,t136
e701,Control,enter_room,26:01:01T08:27:33.89,26:01:01T08:27:36.28,r3,,,
e713,Control,navigate,26:01:01T08:27:34.73,26:01:01T08:28:23.65,r7,,,
e702,Control,position,26:01:01T08:27:36.28,26:01:01T08:27:38.12,r3,,,
e703,Control,clean_path,26:01:01T08:27:38.12,26:01:01T08:27:46.51,r3,,,
e704,Task,mop,26:01:01T08:27:46.51,26:01:01T08:28:09.48,r3,m18,m18_s2,t159
e759,Control,navigate,26:01:01T08:27:50.48,26:01:01T08:28:31.92,r8,,,
e723,Control,enter_room,26:01:01T08:27:51.51,26:01:01T08:27:53.35,r6,,,
e724,Control,position,26:01:01T08:27:53.35,26:01:01T08:27:55.13,r6,,,
e725,Control,clean_path,26:01:01T08:27:55.13,26:01:01T08:28:03.80,r6,,,
e756,Control,enter_room,26:01:01T08:27:57.89,26:01:01T08:28:00.24,r4,,,
e757,Control,position,26:01:01T08:28:00.24,26:01:01T08:28:02.24,r4,,,
e758,Task,disinfect,26:01:01T08:28:02.24,26:01:01T08:28:18.20,r4,m15,m15_s1,t130
e726,Task,mop,26:01:01T08:28:03.80,26:01:01T08:28:27.58,r6,m20,m20_s2,t177
e763,Control,navigate,26:01:01T08:28:18.20,26:01:01T08:28:42.07,r4,,,
e714,Control,enter_room,26:01:01T08:28:23.65,26:01:01T08:28:25.78,r7,,,
e715,Control,position,26:01:01T08:28:25.78,26:01:01T08:28:27.50,r7,,,
e716,Control,clean_path,26:01:01T08:28:27.50,26:01:01T08:28:34.46,r7,,,
e760,Control,enter_room,26:01:01T08:28:31.92,26:01:01T08:28:33.59,r8,,,
e761,Control,position,26:01:01T08:28:33.59,26:01:01T08:28:35.22,r8,,,
e717,Task,mop,26:01:01T08:28:34.46,26:01:01T08:28:52.72,r7,m19,m19_s3,t171
e762,Task,disinfect,26:01:01T08:28:35.22,26:01:01T08:28:50.78,r8,m17,m17_s1,t148
e764,Control,enter_room,26:01:01T08:28:42.07,26:01:01T08:28:43.93,r4,,,
e765,Control,position,26:01:01T08:28:43.93,26:01:01T08:28:45.73,r4,,,
e766,Task,disinfect,26:01:01T08:28:45.73,26:01:01T08:28:59.11,r4,m17,m17_s3,t154
e771,Control,navigate,26:01:01T08:28:50.78,26:01:01T08:29:32.44,r8,,,
e767,Control,navigate,26:01:01T08:28:59.11,26:01:01T08:29:27.20,r4,,,
e768,Control,enter_room,26:01:01T08:29:27.20,26:01:01T08:29:29.57,r4,,,
e769,Control,position,26:01:01T08:29:29.57,26:01:01T08:29:31.84,r4,,,
e770,Task,disinfect,26:01:01T08:29:31.84,26:01:01T08:29:48.32,r4,m16,m16_s2,t142
e772,Control,enter_room,26:01:01T08:29:32.44,26:01:01T08:29:34.80,r8,,,
e773,Control,position,26:01:01T08:29:34.80,26:01:01T08:29:37.20,r8,,,
e774,Task,disinfect,26:01:01T08:29:37.20,26:01:01T08:29:54.31,r8,m19,m19_s1,t166
e775,Control,navigate,26:01:01T08:29:48.32,26:01:01T08:30:29.67,r4,,,
e779,Control,navigate,26:01:01T08:29:54.31,26:01:01T08:31:20.39,r8,,,
e776,Control,enter_room,26:01:01T08:30:29.67,26:01:01T08:30:31.48,r4,,,
e777,Control,position,26:01:01T08:30:31.48,26:01:01T08:30:33.11,r4,,,
e778,Task,disinfect,26:01:01T08:30:33.11,26:01:01T08:30:50.75,r4,m18,m18_s2,t160
e783,Control,navigate,26:01:01T08:30:50.75,26:01:01T08:31:15.92,r4,,,
e784,Control,enter_room,26:01:01T08:31:15.92,26:01:01T08:31:17.66,r4,,,
e785,Control,position,26:01:01T08:31:17.66,26:01:01T08:31:19.73,r4,,,
e786,Task,disinfect,26:01:01T08:31:19.73,26:01:01T08:31:36.59,r4,m19,m19_s3,t172
e780,Control,enter_room,26:01:01T08:31:20.39,26:01:01T08:31:22.36,r8,,,
e781,Control,position,26:01:01T08:31:22.36,26:01:01T08:31:24.48,r8,,,
e782,Task,disinfect,26:01:01T08:31:24.48,26:01:01T08:31:43.15,r8,m20,m20_s2,t178
