task_id,task_name,mission_id,segment_id,location_x,location_y,release_time
t1,inspect,m1,m1_s1,17.6352,47.1413,0.0
t2,vacuum,m1,m1_s1,17.6352,47.1413,0.0
t3,mop,m1,m1_s1,17.6352,47.1413,0.0
t4,disinfect,m1,m1_s1,17.6352,47.1413,0.0
t5,vacuum,m1,m1_s2,64.7544,0.5199,0.0
t6,empty_bin,m1,m1_s2,64.7544,0.5199,0.0
t7,inspect,m1,m1_s3,64.4655,55.8512,0.0
t8,vacuum,m1,m1_s3,64.4655,55.8512,0.0
t9,mop,m1,m1_s3,64.4655,55.8512,0.0
t10,disinfect,m1,m1_s3,64.4655,55.8512,0.0
t11,vacuum,m2,m2_s1,27.22,12.4384,10.0
t12,empty_bin,m2,m2_s1,27.22,12.4384,10.0
t13,inspect,m2,m2_s2,76.577,26.9276,10.0
t14,vacuum,m2,m2_s2,76.577,26.9276,10.0
t15,mop,m2,m2_s2,76.577,26.9276,10.0
t16,disinfect,m2,m2_s2,76.577,26.9276,10.0
t17,vacuum,m2,m2_s3,7.4197,7.7373,10.0
t18,empty_bin,m2,m2_s3,7.4197,7.7373,10.0
t19,inspect,m3,m3_s1,67.7995,48.2981,20.0
t20,vacuum,m3,m3_s1,67.7995,48.2981,20.0
t21,mop,m3,m3_s1,67.7995,48.2981,20.0
t22,disinfect,m3,m3_s1,67.7995,48.2981,20.0
t23,vacuum,m3,m3_s2,64.5703,58.3785,20.0
t24,empty_bin,m3,m3_s2,64.5703,58.3785,20.0
t25,inspect,m3,m3_s3,42.8982,77.8493,20.0
t26,vacuum,m3,m3_s3,42.8982,77.8493,20.0
t27,mop,m3,m3_s3,42.8982,77.8493,20.0
t28,disinfect,m3,m3_s3,42.8982,77.8493,20.0
t29,vacuum,m4,m4_s1,30.2828,44.1633,30.0
t30,empty_bin,m4,m4_s1,30.2828,44.1633,30.0
t31,inspect,m4,m4_s2,66.3524,49.4816,30.0
t32,vacuum,m4,m4_s2,66.3524,49.4816,30.0
t33,mop,m4,m4_s2,66.3524,49.4816,30.0
t34,disinfect,m4,m4_s2,66.3524,49.4816,30.0
t35,vacuum,m4,m4_s3,68.9366,46.1882,30.0
t36,empty_bin,m4,m4_s3,68.9366,46.1882,30.0
t37,inspect,m5,m5_s1,56.3657,3.666,40.0
t38,vacuum,m5,m5_s1,56.3657,3.666,40.0
t39,mop,m5,m5_s1,56.3657,3.666,40.0
t40,disinfect,m5,m5_s1,56.3657,3.666,40.0
t41,vacuum,m5,m5_s2,18.2319,23.151,40.0
t42,empty_bin,m5,m5_s2,18.2319,23.151,40.0
t43,inspect,m5,m5_s3,6.3834,18.6233,40.0
t44,vacuum,m5,m5_s3,6.3834,18.6233,40.0
t45,mop,m5,m5_s3,6.3834,18.6233,40.0
t46,disinfect,m5,m5_s3,6.3834,18.6233,40.0
t47,vacuum,m6,m6_s1,8.0801,22.2379,50.0
t48,empty_bin,m6,m6_s1,8.0801,22.2379,50.0
t49,inspect,m6,m6_s2,50.8548,29.1866,50.0
t50,vacuum,m6,m6_s2,50.8548,29.1866,50.0
t51,mop,m6,m6_s2,50.8548,29.1866,50.0
t52,disinfect,m6,m6_s2,50.8548,29.1866,50.0
t53,vacuum,m6,m6_s3,29.6145,16.7606,50.0
t54,empty_bin,m6,m6_s3,29.6145,16.7606,50.0
t55,inspect,m7,m7_s1,21.3582,74.9324,60.0
t56,vacuum,m7,m7_s1,21.3582,74.9324,60.0
t57,mop,m7,m7_s1,21.3582,74.9324,60.0
t58,disinfect,m7,m7_s1,21.3582,74.9324,60.0
t59,vacuum,m7,m7_s2,51.8428,48.7305,60.0
t60,empty_bin,m7,m7_s2,51.8428,48.7305,60.0
t61,inspect,m7,m7_s3,13.6911,58.3301,60.0
t62,vacuum,m7,m7_s3,13.6911,58.3301,60.0
t63,mop,m7,m7_s3,13.6911,58.3301,60.0
t64,disinfect,m7,m7_s3,13.6911,58.3301,60.0
t65,vacuum,m8,m8_s1,13.0722,30.3564,70.0
t66,empty_bin,m8,m8_s1,13.0722,30.3564,70.0
t67,inspect,m8,m8_s2,79.1619,51.2,70.0
t68,vacuum,m8,m8_s2,79.1619,51.2,70.0
t69,mop,m8,m8_s2,79.1619,51.2,70.0
t70,disinfect,m8,m8_s2,79.1619,51.2,70.0
t71,vacuum,m8,m8_s3,44.556,54.7691,70.0
t72,empty_bin,m8,m8_s3,44.556,54.7691,70.0
t73,inspect,m9,m9_s1,67.4282,62.08,80.0
t74,vacuum,m9,m9_s1,67.4282,62.08,80.0
t75,mop,m9,m9_s1,67.4282,62.08,80.0
t76,disinfect,m9,m9_s1,67.4282,62.08,80.0
t77,vacuum,m9,m9_s2,18.3238,2.568,80.0
t78,empty_bin,m9,m9_s2,18.3238,2.568,80.0
t79,inspect,m9,m9_s3,25.2362,21.4193,80.0
t80,vacuum,m9,m9_s3,25.2362,21.4193,80.0
t81,mop,m9,m9_s3,25.2362,21.4193,80.0
t82,disinfect,m9,m9_s3,25.2362,21.4193,80.0
t83,vacuum,m10,m10_s1,16.8786,75.4328,90.0
t84,empty_bin,m10,m10_s1,16.8786,75.4328,90.0
t85,inspect,m10,m10_s2,70.1094,25.1742,90.0
t86,vacuum,m10,m10_s2,70.1094,25.1742,90.0
t87,mop,m10,m10_s2,70.1094,25.1742,90.0
t88,disinfect,m10,m10_s2,70.1094,25.1742,90.0
t89,vacuum,m10,m10_s3,52.4351,31.6506,90.0
t90,empty_bin,m10,m10_s3,52.4351,31.6506,90.0
t91,inspect,m11,m11_s1,73.1638,36.7081,100.0
t92,vacuum,m11,m11_s1,73.1638,36.7081,100.0
t93,mop,m11,m11_s1,73.1638,36.7081,100.0
t94,disinfect,m11,m11_s1,73.1638,36.7081,100.0
t95,vacuum,m11,m11_s2,21.1904,19.7302,100.0
t96,empty_bin,m11,m11_s2,21.1904,19.7302,100.0
t97,inspect,m11,m11_s3,44.9095,21.0193,100.0
t98,vacuum,m11,m11_s3,44.9095,21.0193,100.0
t99,mop,m11,m11_s3,44.9095,21.0193,100.0
t100,disinfect,m11,m11_s3,44.9095,21.0193,100.0
t101,vacuum,m12,m12_s1,46.7669,71.8258,110.0
t102,empty_bin,m12,m12_s1,46.7669,71.8258,110.0
t103,inspect,m12,m12_s2,31.952,17.5457,110.0
t104,vacuum,m12,m12_s2,31.952,17.5457,110.0
t105,mop,m12,m12_s2,31.952,17.5457,110.0
t106,disinfect,m12,m12_s2,31.952,17.5457,110.0
t107,vacuum,m12,m12_s3,79.803,40.7621,110.0
t108,empty_bin,m12,m12_s3,79.803,40.7621,110.0
t109,inspect,m13,m13_s1,7.2728,3.7693,120.0
t110,vacuum,m13,m13_s1,7.2728,3.7693,120.0
t111,mop,m13,m13_s1,7.2728,3.7693,120.0
t112,disinfect,m13,m13_s1,7.2728,3.7693,120.0
t113,vacuum,m13,m13_s2,8.7719,50.1957,120.0
t114,empty_bin,m13,m13_s2,8.7719,50.1957,120.0
t115,inspect,m13,m13_s3,63.3663,33.7728,120.0
t116,vacuum,m13,m13_s3,63.3663,33.7728,120.0
t117,mop,m13,m13_s3,63.3663,33.7728,120.0
t118,disinfect,m13,m13_s3,63.3663,33.7728,120.0
t119,vacuum,m14,m14_s1,5.0822,30.5295,130.0
t120,empty_bin,m14,m14_s1,5.0822,30.5295,130.0
t121,inspect,m14,m14_s2,79.6897,42.3291,130.0
t122,vacuum,m14,m14_s2,79.6897,42.3291,130.0
t123,mop,m14,m14_s2,79.6897,42.3291,130.0
t124,disinfect,m14,m14_s2,79.6897,42.3291,130.0
t125,vacuum,m14,m14_s3,77.6863,68.8624,130.0
t126,empty_bin,m14,m14_s3,77.6863,68.8624,130.0
t127,inspect,m15,m15_s1,0.9185,57.6577,140.0
t128,vacuum,m15,m15_s1,0.9185,57.6577,140.0
t129,mop,m15,m15_s1,0.9185,57.6577,140.0
t130,disinfect,m15,m15_s1,0.9185,57.6577,140.0
t131,vacuum,m15,m15_s2,54.5368,42.9576,140.0
t132,empty_bin,m15,m15_s2,54.5368,42.9576,140.0
t133,inspect,m15,m15_s3,21.346,51.2769,140.0
t134,vacuum,m15,m15_s3,21.346,51.2769,140.0
t135,mop,m15,m15_s3,21.346,51.2769,140.0
t136,disinfect,m15,m15_s3,21.346,51.2769,140.0
t137,vacuum,m16,m16_s1,8.9242,34.7812,150.0
t138,empty_bin,m16,m16_s1,8.9242,34.7812,150.0
t139,inspect,m16,m16_s2,36.2979,76.3053,150.0
t140,vacuum,m16,m16_s2,36.2979,76.3053,150.0
t141,mop,m16,m16_s2,36.2979,76.3053,150.0
t142,disinfect,m16,m16_s2,36.2979,76.3053,150.0
t143,vacuum,m16,m16_s3,70.0682,21.0711,150.0
t144,empty_bin,m16,m16_s3,70.0682,21.0711,150.0
t145,inspect,m17,m17_s1,40.0469,14.2922,160.0
t146,vacuum,m17,m17_s1,40.0469,14.2922,160.0
t147,mop,m17,m17_s1,40.0469,14.2922,160.0
t148,disinfect,m17,m17_s1,40.0469,14.2922,160.0
t149,vacuum,m17,m17_s2,73.0102,69.6415,160.0
t150,empty_bin,m17,m17_s2,73.0102,69.6415,160.0
t151,inspect,m17,m17_s3,23.8756,51.116,160.0
t152,vacuum,m17,m17_s3,23.8756,51.116,160.0
t153,mop,m17,m17_s3,23.8756,51.116,160.0
t154,disinfect,m17,m17_s3,23.8756,51.116,160.0
t155,vacuum,m18,m18_s1,48.7176,12.2271,170.0
t156,empty_bin,m18,m18_s1,48.7176,12.2271,170.0
t157,inspect,m18,m18_s2,61.0009,43.1503,170.0
t158,vacuum,m18,m18_s2,61.0009,43.1503,170.0
t159,mop,m18,m18_s2,61.0009,43.1503,170.0
t160,disinfect,m18,m18_s2,61.0009,43.1503,170.0
t161,vacuum,m18,m18_s3,62.2901,42.4283,170.0
t162,empty_bin,m18,m18_s3,62.2901,42.4283,170.0
t163,inspect,m19,m19_s1,0.0458,25.9325,180.0
t164,vacuum,m19,m19_s1,0.0458,25.9325,180.0
t165,mop,m19,m19_s1,0.0458,25.9325,180.0
t166,disinfect,m19,m19_s1,0.0458,25.9325,180.0
t167,vacuum,m19,m19_s2,1.5581,74.3279,180.0
t168,empty_bin,m19,m19_s2,1.5581,74.3279,180.0
t169,inspect,m19,m19_s3,70.2978,66.5332,180.0
t170,vacuum,m19,m19_s3,70.2978,66.5332,180.0
t171,mop,m19,m19_s3,70.2978,66.5332,180.0
t172,disinfect,m19,m19_s3,70.2978,66.5332,180.0
t173,vacuum,m20,m20_s1,24.6011,4.634,190.0
t174,empty_bin,m20,m20_s1,24.6011,4.634,190.0
t175,inspect,m20,m20_s2,70.2408,75.756,190.0
t176,vacuum,m20,m20_s2,70.2408,75.756,190.0
t177,mop,m20,m20_s2,70.2408,75.756,190.0
t178,disinfect,m20,m20_s2,70.2408,75.756,190.0
t179,vacuum,m20,m20_s3,6.8523,38.8792,190.0
t180,empty_bin,m20,m20_s3,6.8523,38.8792,190.0
