pattern_type,objective_type,objective_id,prev_event_id,next_event_id,from_robot_id,to_robot_id,robot_id,from_objective_id,to_objective_id,event_i,event_j,event_k,returning_robot_id,intermediate_robot_id,reason_capability,objective_1,objective_2,mission_id,overlap_start,overlap_end
capability_return,mission,m1,,,,,,,,e149,e165,e187,r8,r6,sprayer,,,,,
capability_return,mission,m14,,,,,,,,e335,e624,e620,r1,r2,sprayer,,,,,
capability_return,mission,m2,,,,,,,,e182,e48,e197,r4,r7,camera,,,,,
capability_return,mission,m20,,,,,,,,e448,e764,e774,r5,r6,sprayer,,,,,
capability_return,mission,m4,,,,,,,,e268,e302,e286,r4,r2,sprayer,,,,,
capability_return,mission,m5,,,,,,,,e246,e272,e251,r4,r2,sprayer,,,,,
capability_return,mission,m9,,,,,,,,e473,e209,e531,r2,r7,camera,,,,,
capability_return,segment,m12_s2,,,,,,,,e294,e607,e647,r5,r2,sprayer,,,,,
capability_return,segment,m13_s1,,,,,,,,e311,e611,e664,r1,r6,sprayer,,,,,
capability_return,segment,m18_s2,,,,,,,,e425,e742,e788,r1,r6,sprayer,,,,,
handover,mission,m1,e149,e165,r8,r6,,,,,,,,,,,,,,
handover,mission,m1,e165,e187,r6,r8,,,,,,,,,,,,,,
handover,mission,m1,e192,e276,r8,r7,,,,,,,,,,,,,,
handover,mission,m1,e24,e32,r7,r1,,,,,,,,,,,,,,
handover,mission,m1,e28,e32,r3,r1,,,,,,,,,,,,,,
handover,mission,m1,e32,e149,r1,r8,,,,,,,,,,,,,,
handover,mission,m1,e32,e157,r1,r2,,,,,,,,,,,,,,
handover,mission,m1,e4,e24,r5,r7,,,,,,,,,,,,,,
handover,mission,m1,e4,e28,r5,r3,,,,,,,,,,,,,,
handover,mission,m10,e233,e237,r5,r3,,,,,,,,,,,,,,
handover,mission,m10,e237,e241,r3,r7,,,,,,,,,,,,,,
handover,mission,m10,e241,e540,r7,r6,,,,,,,,,,,,,,
handover,mission,m10,e527,e554,r4,r8,,,,,,,,,,,,,,
handover,mission,m10,e540,e527,r6,r4,,,,,,,,,,,,,,
handover,mission,m10,e554,e559,r8,r4,,,,,,,,,,,,,,
handover,mission,m10,e559,e783,r4,r7,,,,,,,,,,,,,,
handover,mission,m10,e64,e233,r3,r5,,,,,,,,,,,,,,
handover,mission,m11,e255,e259,r5,r3,,,,,,,,,,,,,,
handover,mission,m11,e259,e549,r3,r6,,,,,,,,,,,,,,
handover,mission,m11,e263,e255,r1,r5,,,,,,,,,,,,,,
handover,mission,m11,e549,e563,r6,r2,,,,,,,,,,,,,,
handover,mission,m11,e563,e573,r2,r5,,,,,,,,,,,,,,
handover,mission,m11,e573,e585,r5,r8,,,,,,,,,,,,,,
handover,mission,m11,e585,e598,r8,r4,,,,,,,,,,,,,,
handover,mission,m11,e598,e802,r4,r3,,,,,,,,,,,,,,
handover,mission,m11,e80,e263,r5,r1,,,,,,,,,,,,,,
handover,mission,m12,e290,e298,r1,r7,,,,,,,,,,,,,,
handover,mission,m12,e294,e607,r5,r2,,,,,,,,,,,,,,
handover,mission,m12,e298,e294,r7,r5,,,,,,,,,,,,,,
handover,mission,m12,e568,e647,r1,r5,,,,,,,,,,,,,,
handover,mission,m12,e590,e647,r4,r5,,,,,,,,,,,,,,
handover,mission,m12,e607,e568,r2,r1,,,,,,,,,,,,,,
handover,mission,m12,e607,e590,r2,r4,,,,,,,,,,,,,,
handover,mission,m12,e647,e806,r5,r3,,,,,,,,,,,,,,
handover,mission,m12,e96,e290,r5,r1,,,,,,,,,,,,,,
handover,mission,m13,e311,e319,r1,r7,,,,,,,,,,,,,,
handover,mission,m13,e315,e311,r3,r1,,,,,,,,,,,,,,
handover,mission,m13,e319,e611,r7,r6,,,,,,,,,,,,,,
handover,mission,m13,e603,e664,r5,r1,,,,,,,,,,,,,,
handover,mission,m13,e603,e673,r5,r4,,,,,,,,,,,,,,
handover,mission,m13,e615,e603,r6,r5,,,,,,,,,,,,,,
handover,mission,m13,e664,e810,r1,r7,,,,,,,,,,,,,,
handover,mission,m13,e673,e810,r4,r7,,,,,,,,,,,,,,
handover,mission,m14,e104,e327,r5,r3,,,,,,,,,,,,,,
handover,mission,m14,e327,e331,r3,r5,,,,,,,,,,,,,,
handover,mission,m14,e331,e335,r5,r1,,,,,,,,,,,,,,
handover,mission,m14,e335,e624,r1,r2,,,,,,,,,,,,,,
handover,mission,m14,e620,e633,r1,r5,,,,,,,,,,,,,,
handover,mission,m14,e624,e620,r2,r1,,,,,,,,,,,,,,
handover,mission,m14,e633,e678,r5,r4,,,,,,,,,,,,,,
handover,mission,m14,e678,e814,r4,r3,,,,,,,,,,,,,,
handover,mission,m15,e132,e357,r7,r3,,,,,,,,,,,,,,
handover,mission,m15,e353,e361,r7,r5,,,,,,,,,,,,,,
handover,mission,m15,e357,e361,r3,r5,,,,,,,,,,,,,,
handover,mission,m15,e361,e628,r5,r6,,,,,,,,,,,,,,
handover,mission,m15,e668,e638,r6,r1,,,,,,,,,,,,,,
handover,mission,m15,e720,e822,r1,r7,,,,,,,,,,,,,,
handover,mission,m16,e136,e373,r7,r1,,,,,,,,,,,,,,
handover,mission,m16,e373,e377,r1,r7,,,,,,,,,,,,,,
handover,mission,m16,e373,e381,r1,r3,,,,,,,,,,,,,,
handover,mission,m16,e377,e682,r7,r2,,,,,,,,,,,,,,
handover,mission,m16,e381,e682,r3,r2,,,,,,,,,,,,,,
handover,mission,m16,e682,e655,r2,r8,,,,,,,,,,,,,,
handover,mission,m16,e682,e687,r2,r1,,,,,,,,,,,,,,
handover,mission,m16,e710,e818,r8,r7,,,,,,,,,,,,,,
handover,mission,m17,e140,e399,r3,r1,,,,,,,,,,,,,,
handover,mission,m17,e399,e403,r1,r7,,,,,,,,,,,,,,
handover,mission,m17,e403,e696,r7,r2,,,,,,,,,,,,,,
handover,mission,m17,e407,e696,r3,r2,,,,,,,,,,,,,,
handover,mission,m17,e696,e700,r2,r6,,,,,,,,,,,,,,
handover,mission,m17,e700,e705,r6,r5,,,,,,,,,,,,,,
handover,mission,m17,e747,e769,r5,r8,,,,,,,,,,,,,,
handover,mission,m17,e769,e830,r8,r3,,,,,,,,,,,,,,
handover,mission,m18,e144,e421,r7,r5,,,,,,,,,,,,,,
handover,mission,m18,e421,e429,r5,r7,,,,,,,,,,,,,,
handover,mission,m18,e425,e742,r1,r6,,,,,,,,,,,,,,
handover,mission,m18,e429,e425,r7,r1,,,,,,,,,,,,,,
handover,mission,m18,e715,e734,r4,r8,,,,,,,,,,,,,,
handover,mission,m18,e734,e788,r8,r1,,,,,,,,,,,,,,
handover,mission,m18,e742,e715,r6,r4,,,,,,,,,,,,,,
handover,mission,m19,e153,e437,r5,r3,,,,,,,,,,,,,,
handover,mission,m19,e433,e441,r5,r7,,,,,,,,,,,,,,
handover,mission,m19,e437,e441,r3,r7,,,,,,,,,,,,,,
handover,mission,m19,e441,e729,r7,r2,,,,,,,,,,,,,,
handover,mission,m19,e760,e725,r2,r4,,,,,,,,,,,,,,
handover,mission,m19,e779,e793,r4,r8,,,,,,,,,,,,,,
handover,mission,m19,e793,e838,r8,r1,,,,,,,,,,,,,,
handover,mission,m2,e182,e48,r4,r7,,,,,,,,,,,,,,
handover,mission,m2,e197,e229,r4,r6,,,,,,,,,,,,,,
handover,mission,m2,e229,e281,r6,r8,,,,,,,,,,,,,,
handover,mission,m2,e281,e365,r8,r3,,,,,,,,,,,,,,
handover,mission,m2,e44,e182,r5,r4,,,,,,,,,,,,,,
handover,mission,m2,e44,e52,r5,r3,,,,,,,,,,,,,,
handover,mission,m2,e48,e197,r7,r4,,,,,,,,,,,,,,
handover,mission,m2,e52,e48,r3,r7,,,,,,,,,,,,,,
handover,mission,m2,e8,e44,r3,r5,,,,,,,,,,,,,,
handover,mission,m20,e448,e764,r5,r6,,,,,,,,,,,,,,
handover,mission,m20,e455,e448,r1,r5,,,,,,,,,,,,,,
handover,mission,m20,e459,e455,r3,r1,,,,,,,,,,,,,,
handover,mission,m20,e764,e752,r6,r4,,,,,,,,,,,,,,
handover,mission,m20,e764,e774,r6,r5,,,,,,,,,,,,,,
handover,mission,m20,e798,e834,r5,r3,,,,,,,,,,,,,,
handover,mission,m3,e108,e112,r1,r3,,,,,,,,,,,,,,
handover,mission,m3,e112,e344,r3,r6,,,,,,,,,,,,,,
handover,mission,m3,e116,e108,r7,r1,,,,,,,,,,,,,,
handover,mission,m3,e12,e116,r1,r7,,,,,,,,,,,,,,
handover,mission,m3,e323,e349,r2,r8,,,,,,,,,,,,,,
handover,mission,m3,e344,e323,r6,r2,,,,,,,,,,,,,,
handover,mission,m3,e349,e395,r8,r4,,,,,,,,,,,,,,
handover,mission,m3,e395,e412,r4,r8,,,,,,,,,,,,,,
handover,mission,m3,e412,e580,r8,r7,,,,,,,,,,,,,,
handover,mission,m4,e268,e302,r4,r2,,,,,,,,,,,,,,
handover,mission,m4,e302,e286,r2,r4,,,,,,,,,,,,,,
handover,mission,m4,e390,e522,r4,r1,,,,,,,,,,,,,,
handover,mission,m4,e84,e92,r5,r3,,,,,,,,,,,,,,
handover,mission,m4,e88,e268,r7,r4,,,,,,,,,,,,,,
handover,mission,m4,e92,e88,r3,r7,,,,,,,,,,,,,,
handover,mission,m5,e20,e68,r7,r5,,,,,,,,,,,,,,
handover,mission,m5,e225,e76,r2,r1,,,,,,,,,,,,,,
handover,mission,m5,e246,e272,r4,r2,,,,,,,,,,,,,,
handover,mission,m5,e251,e307,r4,r8,,,,,,,,,,,,,,
handover,mission,m5,e272,e251,r2,r4,,,,,,,,,,,,,,
handover,mission,m5,e307,e485,r8,r3,,,,,,,,,,,,,,
handover,mission,m5,e68,e225,r5,r2,,,,,,,,,,,,,,
handover,mission,m5,e68,e72,r5,r3,,,,,,,,,,,,,,
handover,mission,m5,e72,e76,r3,r1,,,,,,,,,,,,,,
handover,mission,m5,e76,e246,r1,r4,,,,,,,,,,,,,,
handover,mission,m6,e169,e177,r1,r7,,,,,,,,,,,,,,
handover,mission,m6,e173,e489,r5,r6,,,,,,,,,,,,,,
handover,mission,m6,e177,e173,r7,r5,,,,,,,,,,,,,,
handover,mission,m6,e417,e464,r4,r8,,,,,,,,,,,,,,
handover,mission,m6,e464,e499,r8,r4,,,,,,,,,,,,,,
handover,mission,m6,e489,e417,r6,r4,,,,,,,,,,,,,,
handover,mission,m6,e499,e642,r4,r7,,,,,,,,,,,,,,
handover,mission,m7,e120,e128,r5,r1,,,,,,,,,,,,,,
handover,mission,m7,e124,e120,r7,r5,,,,,,,,,,,,,,
handover,mission,m7,e128,e369,r1,r6,,,,,,,,,,,,,,
handover,mission,m7,e369,e385,r6,r2,,,,,,,,,,,,,,
handover,mission,m7,e385,e340,r2,r4,,,,,,,,,,,,,,
handover,mission,m7,e40,e124,r5,r7,,,,,,,,,,,,,,
handover,mission,m7,e469,e494,r4,r8,,,,,,,,,,,,,,
handover,mission,m7,e494,e659,r8,r3,,,,,,,,,,,,,,
handover,mission,m8,e213,e503,r3,r6,,,,,,,,,,,,,,
handover,mission,m8,e217,e503,r5,r6,,,,,,,,,,,,,,
handover,mission,m8,e221,e508,r1,r4,,,,,,,,,,,,,,
handover,mission,m8,e503,e221,r6,r1,,,,,,,,,,,,,,
handover,mission,m8,e508,e518,r4,r8,,,,,,,,,,,,,,
handover,mission,m8,e536,e738,r8,r7,,,,,,,,,,,,,,
handover,mission,m8,e56,e213,r1,r3,,,,,,,,,,,,,,
handover,mission,m8,e56,e217,r1,r5,,,,,,,,,,,,,,
handover,mission,m9,e201,e473,r1,r2,,,,,,,,,,,,,,
handover,mission,m9,e205,e473,r3,r2,,,,,,,,,,,,,,
handover,mission,m9,e209,e531,r7,r2,,,,,,,,,,,,,,
handover,mission,m9,e473,e209,r2,r7,,,,,,,,,,,,,,
handover,mission,m9,e513,e545,r8,r4,,,,,,,,,,,,,,
handover,mission,m9,e531,e478,r2,r8,,,,,,,,,,,,,,
handover,mission,m9,e545,e756,r4,r3,,,,,,,,,,,,,,
handover,mission,m9,e60,e201,r5,r1,,,,,,,,,,,,,,
handover,mission,m9,e60,e205,r5,r3,,,,,,,,,,,,,,
handover,segment,m10_s1,e233,e527,r5,r4,,,,,,,,,,,,,,
handover,segment,m10_s2,e237,e540,r3,r6,,,,,,,,,,,,,,
handover,segment,m10_s2,e540,e559,r6,r4,,,,,,,,,,,,,,
handover,segment,m10_s3,e241,e554,r7,r8,,,,,,,,,,,,,,
handover,segment,m11_s1,e255,e563,r5,r2,,,,,,,,,,,,,,
handover,segment,m11_s1,e563,e598,r2,r4,,,,,,,,,,,,,,
handover,segment,m11_s2,e259,e573,r3,r5,,,,,,,,,,,,,,
handover,segment,m11_s3,e263,e549,r1,r6,,,,,,,,,,,,,,
handover,segment,m11_s3,e549,e585,r6,r8,,,,,,,,,,,,,,
handover,segment,m12_s2,e294,e607,r5,r2,,,,,,,,,,,,,,
handover,segment,m12_s2,e607,e647,r2,r5,,,,,,,,,,,,,,
handover,segment,m12_s3,e298,e590,r7,r4,,,,,,,,,,,,,,
handover,segment,m13_s1,e311,e611,r1,r6,,,,,,,,,,,,,,
handover,segment,m13_s1,e611,e664,r6,r1,,,,,,,,,,,,,,
handover,segment,m13_s2,e315,e603,r3,r5,,,,,,,,,,,,,,
handover,segment,m13_s3,e319,e615,r7,r6,,,,,,,,,,,,,,
handover,segment,m13_s3,e615,e673,r6,r4,,,,,,,,,,,,,,
handover,segment,m14_s1,e327,e620,r3,r1,,,,,,,,,,,,,,
handover,segment,m14_s2,e331,e624,r5,r2,,,,,,,,,,,,,,
handover,segment,m14_s2,e624,e678,r2,r4,,,,,,,,,,,,,,
handover,segment,m14_s3,e335,e633,r1,r5,,,,,,,,,,,,,,
handover,segment,m15_s1,e353,e628,r7,r6,,,,,,,,,,,,,,
handover,segment,m15_s1,e628,e692,r6,r1,,,,,,,,,,,,,,
handover,segment,m15_s2,e357,e638,r3,r1,,,,,,,,,,,,,,
handover,segment,m15_s3,e361,e668,r5,r6,,,,,,,,,,,,,,
handover,segment,m15_s3,e668,e720,r6,r1,,,,,,,,,,,,,,
handover,segment,m16_s1,e373,e655,r1,r8,,,,,,,,,,,,,,
handover,segment,m16_s2,e377,e682,r7,r2,,,,,,,,,,,,,,
handover,segment,m16_s2,e682,e710,r2,r8,,,,,,,,,,,,,,
handover,segment,m16_s3,e381,e687,r3,r1,,,,,,,,,,,,,,
handover,segment,m17_s1,e399,e696,r1,r2,,,,,,,,,,,,,,
handover,segment,m17_s1,e696,e747,r2,r5,,,,,,,,,,,,,,
handover,segment,m17_s2,e403,e705,r7,r5,,,,,,,,,,,,,,
handover,segment,m17_s3,e407,e700,r3,r6,,,,,,,,,,,,,,
handover,segment,m17_s3,e700,e769,r6,r8,,,,,,,,,,,,,,
handover,segment,m18_s1,e421,e715,r5,r4,,,,,,,,,,,,,,
handover,segment,m18_s2,e425,e742,r1,r6,,,,,,,,,,,,,,
handover,segment,m18_s2,e742,e788,r6,r1,,,,,,,,,,,,,,
handover,segment,m18_s3,e429,e734,r7,r8,,,,,,,,,,,,,,
handover,segment,m19_s1,e433,e729,r5,r2,,,,,,,,,,,,,,
handover,segment,m19_s1,e729,e779,r2,r4,,,,,,,,,,,,,,
handover,segment,m19_s2,e437,e725,r3,r4,,,,,,,,,,,,,,
handover,segment,m19_s3,e441,e760,r7,r2,,,,,,,,,,,,,,
handover,segment,m19_s3,e760,e793,r2,r8,,,,,,,,,,,,,,
handover,segment,m1_s1,e157,e187,r2,r8,,,,,,,,,,,,,,
handover,segment,m1_s1,e24,e157,r7,r2,,,,,,,,,,,,,,
handover,segment,m1_s2,e28,e149,r3,r8,,,,,,,,,,,,,,
handover,segment,m1_s3,e165,e192,r6,r8,,,,,,,,,,,,,,
handover,segment,m1_s3,e32,e165,r1,r6,,,,,,,,,,,,,,
handover,segment,m20_s2,e455,e764,r1,r6,,,,,,,,,,,,,,
handover,segment,m20_s2,e764,e798,r6,r5,,,,,,,,,,,,,,
handover,segment,m20_s3,e459,e752,r3,r4,,,,,,,,,,,,,,
handover,segment,m2_s1,e44,e182,r5,r4,,,,,,,,,,,,,,
handover,segment,m2_s2,e229,e281,r6,r8,,,,,,,,,,,,,,
handover,segment,m2_s2,e48,e229,r7,r6,,,,,,,,,,,,,,
handover,segment,m2_s3,e52,e197,r3,r4,,,,,,,,,,,,,,
handover,segment,m3_s1,e108,e344,r1,r6,,,,,,,,,,,,,,
handover,segment,m3_s1,e344,e395,r6,r4,,,,,,,,,,,,,,
handover,segment,m3_s2,e112,e349,r3,r8,,,,,,,,,,,,,,
handover,segment,m3_s3,e116,e323,r7,r2,,,,,,,,,,,,,,
handover,segment,m3_s3,e323,e412,r2,r8,,,,,,,,,,,,,,
handover,segment,m4_s1,e84,e268,r5,r4,,,,,,,,,,,,,,
handover,segment,m4_s2,e302,e390,r2,r4,,,,,,,,,,,,,,
handover,segment,m4_s2,e88,e302,r7,r2,,,,,,,,,,,,,,
handover,segment,m4_s3,e92,e286,r3,r4,,,,,,,,,,,,,,
handover,segment,m5_s1,e225,e246,r2,r4,,,,,,,,,,,,,,
handover,segment,m5_s1,e68,e225,r5,r2,,,,,,,,,,,,,,
handover,segment,m5_s2,e72,e251,r3,r4,,,,,,,,,,,,,,
handover,segment,m5_s3,e272,e307,r2,r8,,,,,,,,,,,,,,
handover,segment,m5_s3,e76,e272,r1,r2,,,,,,,,,,,,,,
handover,segment,m6_s1,e169,e417,r1,r4,,,,,,,,,,,,,,
handover,segment,m6_s2,e173,e489,r5,r6,,,,,,,,,,,,,,
handover,segment,m6_s2,e489,e499,r6,r4,,,,,,,,,,,,,,
handover,segment,m6_s3,e177,e464,r7,r8,,,,,,,,,,,,,,
handover,segment,m7_s1,e120,e369,r5,r6,,,,,,,,,,,,,,
handover,segment,m7_s1,e369,e469,r6,r4,,,,,,,,,,,,,,
handover,segment,m7_s2,e124,e340,r7,r4,,,,,,,,,,,,,,
handover,segment,m7_s3,e128,e385,r1,r2,,,,,,,,,,,,,,
handover,segment,m7_s3,e385,e494,r2,r8,,,,,,,,,,,,,,
handover,segment,m8_s1,e213,e508,r3,r4,,,,,,,,,,,,,,
handover,segment,m8_s2,e217,e503,r5,r6,,,,,,,,,,,,,,
handover,segment,m8_s2,e503,e518,r6,r8,,,,,,,,,,,,,,
handover,segment,m8_s3,e221,e536,r1,r8,,,,,,,,,,,,,,
handover,segment,m9_s1,e201,e473,r1,r2,,,,,,,,,,,,,,
handover,segment,m9_s1,e473,e513,r2,r8,,,,,,,,,,,,,,
handover,segment,m9_s2,e205,e478,r3,r8,,,,,,,,,,,,,,
handover,segment,m9_s3,e209,e531,r7,r2,,,,,,,,,,,,,,
handover,segment,m9_s3,e531,e545,r2,r4,,,,,,,,,,,,,,
objective_switch,mission,,e108,e128,,,r1,m3,m7,,,,,,,,,,,
objective_switch,mission,,e12,e32,,,r1,m3,m1,,,,,,,,,,,
objective_switch,mission,,e128,e169,,,r1,m7,m6,,,,,,,,,,,
objective_switch,mission,,e169,e201,,,r1,m6,m9,,,,,,,,,,,
objective_switch,mission,,e201,e221,,,r1,m9,m8,,,,,,,,,,,
objective_switch,mission,,e221,e263,,,r1,m8,m11,,,,,,,,,,,
objective_switch,mission,,e263,e290,,,r1,m11,m12,,,,,,,,,,,
objective_switch,mission,,e290,e311,,,r1,m12,m13,,,,,,,,,,,
objective_switch,mission,,e311,e335,,,r1,m13,m14,,,,,,,,,,,
objective_switch,mission,,e32,e36,,,r1,m1,m6,,,,,,,,,,,
objective_switch,mission,,e335,e373,,,r1,m14,m16,,,,,,,,,,,
objective_switch,mission,,e36,e56,,,r1,m6,m8,,,,,,,,,,,
objective_switch,mission,,e373,e399,,,r1,m16,m17,,,,,,,,,,,
objective_switch,mission,,e399,e425,,,r1,m17,m18,,,,,,,,,,,
objective_switch,mission,,e425,e455,,,r1,m18,m20,,,,,,,,,,,
objective_switch,mission,,e455,e522,,,r1,m20,m4,,,,,,,,,,,
objective_switch,mission,,e522,e568,,,r1,m4,m12,,,,,,,,,,,
objective_switch,mission,,e56,e76,,,r1,m8,m5,,,,,,,,,,,
objective_switch,mission,,e568,e620,,,r1,m12,m14,,,,,,,,,,,
objective_switch,mission,,e620,e638,,,r1,m14,m15,,,,,,,,,,,
objective_switch,mission,,e638,e664,,,r1,m15,m13,,,,,,,,,,,
objective_switch,mission,,e664,e687,,,r1,m13,m16,,,,,,,,,,,
objective_switch,mission,,e687,e692,,,r1,m16,m15,,,,,,,,,,,
objective_switch,mission,,e720,e788,,,r1,m15,m18,,,,,,,,,,,
objective_switch,mission,,e76,e108,,,r1,m5,m3,,,,,,,,,,,
objective_switch,mission,,e826,e838,,,r1,m18,m19,,,,,,,,,,,
objective_switch,mission,,e157,e225,,,r2,m1,m5,,,,,,,,,,,
objective_switch,mission,,e272,e302,,,r2,m5,m4,,,,,,,,,,,
objective_switch,mission,,e302,e323,,,r2,m4,m3,,,,,,,,,,,
objective_switch,mission,,e323,e385,,,r2,m3,m7,,,,,,,,,,,
objective_switch,mission,,e385,e473,,,r2,m7,m9,,,,,,,,,,,
objective_switch,mission,,e531,e563,,,r2,m9,m11,,,,,,,,,,,
objective_switch,mission,,e563,e607,,,r2,m11,m12,,,,,,,,,,,
objective_switch,mission,,e607,e624,,,r2,m12,m14,,,,,,,,,,,
objective_switch,mission,,e624,e682,,,r2,m14,m16,,,,,,,,,,,
objective_switch,mission,,e682,e696,,,r2,m16,m17,,,,,,,,,,,
objective_switch,mission,,e696,e729,,,r2,m17,m19,,,,,,,,,,,
objective_switch,mission,,e100,e112,,,r3,m13,m3,,,,,,,,,,,
objective_switch,mission,,e112,e140,,,r3,m3,m17,,,,,,,,,,,
objective_switch,mission,,e140,e161,,,r3,m17,m20,,,,,,,,,,,
objective_switch,mission,,e161,e205,,,r3,m20,m9,,,,,,,,,,,
objective_switch,mission,,e205,e213,,,r3,m9,m8,,,,,,,,,,,
objective_switch,mission,,e213,e237,,,r3,m8,m10,,,,,,,,,,,
objective_switch,mission,,e237,e259,,,r3,m10,m11,,,,,,,,,,,
objective_switch,mission,,e259,e315,,,r3,m11,m13,,,,,,,,,,,
objective_switch,mission,,e28,e52,,,r3,m1,m2,,,,,,,,,,,
objective_switch,mission,,e315,e327,,,r3,m13,m14,,,,,,,,,,,
objective_switch,mission,,e327,e357,,,r3,m14,m15,,,,,,,,,,,
objective_switch,mission,,e357,e365,,,r3,m15,m2,,,,,,,,,,,
objective_switch,mission,,e365,e381,,,r3,m2,m16,,,,,,,,,,,
objective_switch,mission,,e381,e407,,,r3,m16,m17,,,,,,,,,,,
objective_switch,mission,,e407,e437,,,r3,m17,m19,,,,,,,,,,,
objective_switch,mission,,e437,e459,,,r3,m19,m20,,,,,,,,,,,
objective_switch,mission,,e459,e485,,,r3,m20,m5,,,,,,,,,,,
objective_switch,mission,,e485,e659,,,r3,m5,m7,,,,,,,,,,,
objective_switch,mission,,e52,e64,,,r3,m2,m10,,,,,,,,,,,
objective_switch,mission,,e64,e72,,,r3,m10,m5,,,,,,,,,,,
objective_switch,mission,,e659,e756,,,r3,m7,m9,,,,,,,,,,,
objective_switch,mission,,e72,e92,,,r3,m5,m4,,,,,,,,,,,
objective_switch,mission,,e756,e802,,,r3,m9,m11,,,,,,,,,,,
objective_switch,mission,,e8,e28,,,r3,m2,m1,,,,,,,,,,,
objective_switch,mission,,e802,e806,,,r3,m11,m12,,,,,,,,,,,
objective_switch,mission,,e806,e814,,,r3,m12,m14,,,,,,,,,,,
objective_switch,mission,,e814,e830,,,r3,m14,m17,,,,,,,,,,,
objective_switch,mission,,e830,e834,,,r3,m17,m20,,,,,,,,,,,
objective_switch,mission,,e92,e100,,,r3,m4,m13,,,,,,,,,,,
objective_switch,mission,,e197,e246,,,r4,m2,m5,,,,,,,,,,,
objective_switch,mission,,e251,e268,,,r4,m5,m4,,,,,,,,,,,
objective_switch,mission,,e286,e340,,,r4,m4,m7,,,,,,,,,,,
objective_switch,mission,,e340,e390,,,r4,m7,m4,,,,,,,,,,,
objective_switch,mission,,e390,e395,,,r4,m4,m3,,,,,,,,,,,
objective_switch,mission,,e395,e417,,,r4,m3,m6,,,,,,,,,,,
objective_switch,mission,,e417,e469,,,r4,m6,m7,,,,,,,,,,,
objective_switch,mission,,e469,e499,,,r4,m7,m6,,,,,,,,,,,
objective_switch,mission,,e499,e508,,,r4,m6,m8,,,,,,,,,,,
objective_switch,mission,,e508,e527,,,r4,m8,m10,,,,,,,,,,,
objective_switch,mission,,e527,e545,,,r4,m10,m9,,,,,,,,,,,
objective_switch,mission,,e545,e559,,,r4,m9,m10,,,,,,,,,,,
objective_switch,mission,,e559,e590,,,r4,m10,m12,,,,,,,,,,,
objective_switch,mission,,e590,e598,,,r4,m12,m11,,,,,,,,,,,
objective_switch,mission,,e598,e673,,,r4,m11,m13,,,,,,,,,,,
objective_switch,mission,,e673,e678,,,r4,m13,m14,,,,,,,,,,,
objective_switch,mission,,e678,e715,,,r4,m14,m18,,,,,,,,,,,
objective_switch,mission,,e715,e725,,,r4,m18,m19,,,,,,,,,,,
objective_switch,mission,,e725,e752,,,r4,m19,m20,,,,,,,,,,,
objective_switch,mission,,e752,e779,,,r4,m20,m19,,,,,,,,,,,
objective_switch,mission,,e104,e120,,,r5,m14,m7,,,,,,,,,,,
objective_switch,mission,,e120,e153,,,r5,m7,m19,,,,,,,,,,,
objective_switch,mission,,e153,e173,,,r5,m19,m6,,,,,,,,,,,
objective_switch,mission,,e16,e40,,,r5,m4,m7,,,,,,,,,,,
objective_switch,mission,,e173,e217,,,r5,m6,m8,,,,,,,,,,,
objective_switch,mission,,e217,e233,,,r5,m8,m10,,,,,,,,,,,
objective_switch,mission,,e233,e255,,,r5,m10,m11,,,,,,,,,,,
objective_switch,mission,,e255,e294,,,r5,m11,m12,,,,,,,,,,,
objective_switch,mission,,e294,e331,,,r5,m12,m14,,,,,,,,,,,
objective_switch,mission,,e331,e361,,,r5,m14,m15,,,,,,,,,,,
objective_switch,mission,,e361,e421,,,r5,m15,m18,,,,,,,,,,,
objective_switch,mission,,e4,e16,,,r5,m1,m4,,,,,,,,,,,
objective_switch,mission,,e40,e44,,,r5,m7,m2,,,,,,,,,,,
objective_switch,mission,,e421,e433,,,r5,m18,m19,,,,,,,,,,,
objective_switch,mission,,e433,e448,,,r5,m19,m20,,,,,,,,,,,
objective_switch,mission,,e44,e60,,,r5,m2,m9,,,,,,,,,,,
objective_switch,mission,,e448,e573,,,r5,m20,m11,,,,,,,,,,,
objective_switch,mission,,e573,e603,,,r5,m11,m13,,,,,,,,,,,
objective_switch,mission,,e60,e68,,,r5,m9,m5,,,,,,,,,,,
objective_switch,mission,,e603,e633,,,r5,m13,m14,,,,,,,,,,,
objective_switch,mission,,e633,e647,,,r5,m14,m12,,,,,,,,,,,
objective_switch,mission,,e647,e705,,,r5,m12,m17,,,,,,,,,,,
objective_switch,mission,,e68,e80,,,r5,m5,m11,,,,,,,,,,,
objective_switch,mission,,e747,e774,,,r5,m17,m20,,,,,,,,,,,
objective_switch,mission,,e80,e84,,,r5,m11,m4,,,,,,,,,,,
objective_switch,mission,,e84,e96,,,r5,m4,m12,,,,,,,,,,,
objective_switch,mission,,e96,e104,,,r5,m12,m14,,,,,,,,,,,
objective_switch,mission,,e165,e229,,,r6,m1,m2,,,,,,,,,,,
objective_switch,mission,,e229,e344,,,r6,m2,m3,,,,,,,,,,,
objective_switch,mission,,e344,e369,,,r6,m3,m7,,,,,,,,,,,
objective_switch,mission,,e369,e489,,,r6,m7,m6,,,,,,,,,,,
objective_switch,mission,,e489,e503,,,r6,m6,m8,,,,,,,,,,,
objective_switch,mission,,e503,e540,,,r6,m8,m10,,,,,,,,,,,
objective_switch,mission,,e540,e549,,,r6,m10,m11,,,,,,,,,,,
objective_switch,mission,,e549,e611,,,r6,m11,m13,,,,,,,,,,,
objective_switch,mission,,e615,e628,,,r6,m13,m15,,,,,,,,,,,
objective_switch,mission,,e668,e700,,,r6,m15,m17,,,,,,,,,,,
objective_switch,mission,,e700,e742,,,r6,m17,m18,,,,,,,,,,,
objective_switch,mission,,e742,e764,,,r6,m18,m20,,,,,,,,,,,
objective_switch,mission,,e116,e124,,,r7,m3,m7,,,,,,,,,,,
objective_switch,mission,,e124,e132,,,r7,m7,m15,,,,,,,,,,,
objective_switch,mission,,e132,e136,,,r7,m15,m16,,,,,,,,,,,
objective_switch,mission,,e136,e144,,,r7,m16,m18,,,,,,,,,,,
objective_switch,mission,,e144,e177,,,r7,m18,m6,,,,,,,,,,,
objective_switch,mission,,e177,e209,,,r7,m6,m9,,,,,,,,,,,
objective_switch,mission,,e20,e24,,,r7,m5,m1,,,,,,,,,,,
objective_switch,mission,,e209,e241,,,r7,m9,m10,,,,,,,,,,,
objective_switch,mission,,e24,e48,,,r7,m1,m2,,,,,,,,,,,
objective_switch,mission,,e241,e276,,,r7,m10,m1,,,,,,,,,,,
objective_switch,mission,,e276,e298,,,r7,m1,m12,,,,,,,,,,,
objective_switch,mission,,e298,e319,,,r7,m12,m13,,,,,,,,,,,
objective_switch,mission,,e319,e353,,,r7,m13,m15,,,,,,,,,,,
objective_switch,mission,,e353,e377,,,r7,m15,m16,,,,,,,,,,,
objective_switch,mission,,e377,e403,,,r7,m16,m17,,,,,,,,,,,
objective_switch,mission,,e403,e429,,,r7,m17,m18,,,,,,,,,,,
objective_switch,mission,,e429,e441,,,r7,m18,m19,,,,,,,,,,,
objective_switch,mission,,e441,e580,,,r7,m19,m3,,,,,,,,,,,
objective_switch,mission,,e48,e88,,,r7,m2,m4,,,,,,,,,,,
objective_switch,mission,,e580,e642,,,r7,m3,m6,,,,,,,,,,,
objective_switch,mission,,e642,e738,,,r7,m6,m8,,,,,,,,,,,
objective_switch,mission,,e738,e783,,,r7,m8,m10,,,,,,,,,,,
objective_switch,mission,,e783,e810,,,r7,m10,m13,,,,,,,,,,,
objective_switch,mission,,e810,e818,,,r7,m13,m16,,,,,,,,,,,
objective_switch,mission,,e818,e822,,,r7,m16,m15,,,,,,,,,,,
objective_switch,mission,,e88,e116,,,r7,m4,m3,,,,,,,,,,,
objective_switch,mission,,e192,e281,,,r8,m1,m2,,,,,,,,,,,
objective_switch,mission,,e281,e307,,,r8,m2,m5,,,,,,,,,,,
objective_switch,mission,,e307,e349,,,r8,m5,m3,,,,,,,,,,,
objective_switch,mission,,e412,e464,,,r8,m3,m6,,,,,,,,,,,
objective_switch,mission,,e464,e478,,,r8,m6,m9,,,,,,,,,,,
objective_switch,mission,,e478,e494,,,r8,m9,m7,,,,,,,,,,,
objective_switch,mission,,e494,e513,,,r8,m7,m9,,,,,,,,,,,
objective_switch,mission,,e513,e518,,,r8,m9,m8,,,,,,,,,,,
objective_switch,mission,,e536,e554,,,r8,m8,m10,,,,,,,,,,,
objective_switch,mission,,e554,e585,,,r8,m10,m11,,,,,,,,,,,
objective_switch,mission,,e585,e655,,,r8,m11,m16,,,,,,,,,,,
objective_switch,mission,,e710,e734,,,r8,m16,m18,,,,,,,,,,,
objective_switch,mission,,e734,e769,,,r8,m18,m17,,,,,,,,,,,
objective_switch,mission,,e769,e793,,,r8,m17,m19,,,,,,,,,,,
objective_switch,segment,,e108,e128,,,r1,m3_s1,m7_s3,,,,,,,,,,,
objective_switch,segment,,e128,e169,,,r1,m7_s3,m6_s1,,,,,,,,,,,
objective_switch,segment,,e169,e201,,,r1,m6_s1,m9_s1,,,,,,,,,,,
objective_switch,segment,,e201,e221,,,r1,m9_s1,m8_s3,,,,,,,,,,,
objective_switch,segment,,e221,e263,,,r1,m8_s3,m11_s3,,,,,,,,,,,
objective_switch,segment,,e263,e290,,,r1,m11_s3,m12_s1,,,,,,,,,,,
objective_switch,segment,,e290,e311,,,r1,m12_s1,m13_s1,,,,,,,,,,,
objective_switch,segment,,e311,e335,,,r1,m13_s1,m14_s3,,,,,,,,,,,
objective_switch,segment,,e335,e373,,,r1,m14_s3,m16_s1,,,,,,,,,,,
objective_switch,segment,,e373,e399,,,r1,m16_s1,m17_s1,,,,,,,,,,,
objective_switch,segment,,e399,e425,,,r1,m17_s1,m18_s2,,,,,,,,,,,
objective_switch,segment,,e425,e455,,,r1,m18_s2,m20_s2,,,,,,,,,,,
objective_switch,segment,,e568,e620,,,r1,m12_s1,m14_s1,,,,,,,,,,,
objective_switch,segment,,e620,e638,,,r1,m14_s1,m15_s2,,,,,,,,,,,
objective_switch,segment,,e638,e664,,,r1,m15_s2,m13_s1,,,,,,,,,,,
objective_switch,segment,,e664,e687,,,r1,m13_s1,m16_s3,,,,,,,,,,,
objective_switch,segment,,e687,e692,,,r1,m16_s3,m15_s1,,,,,,,,,,,
objective_switch,segment,,e692,e720,,,r1,m15_s1,m15_s3,,,,,,,,,,,
objective_switch,segment,,e720,e788,,,r1,m15_s3,m18_s2,,,,,,,,,,,
objective_switch,segment,,e76,e108,,,r1,m5_s3,m3_s1,,,,,,,,,,,
objective_switch,segment,,e157,e225,,,r2,m1_s1,m5_s1,,,,,,,,,,,
objective_switch,segment,,e225,e272,,,r2,m5_s1,m5_s3,,,,,,,,,,,
objective_switch,segment,,e272,e302,,,r2,m5_s3,m4_s2,,,,,,,,,,,
objective_switch,segment,,e302,e323,,,r2,m4_s2,m3_s3,,,,,,,,,,,
objective_switch,segment,,e323,e385,,,r2,m3_s3,m7_s3,,,,,,,,,,,
objective_switch,segment,,e385,e473,,,r2,m7_s3,m9_s1,,,,,,,,,,,
objective_switch,segment,,e473,e531,,,r2,m9_s1,m9_s3,,,,,,,,,,,
objective_switch,segment,,e531,e563,,,r2,m9_s3,m11_s1,,,,,,,,,,,
objective_switch,segment,,e563,e607,,,r2,m11_s1,m12_s2,,,,,,,,,,,
objective_switch,segment,,e607,e624,,,r2,m12_s2,m14_s2,,,,,,,,,,,
objective_switch,segment,,e624,e682,,,r2,m14_s2,m16_s2,,,,,,,,,,,
objective_switch,segment,,e682,e696,,,r2,m16_s2,m17_s1,,,,,,,,,,,
objective_switch,segment,,e696,e729,,,r2,m17_s1,m19_s1,,,,,,,,,,,
objective_switch,segment,,e729,e760,,,r2,m19_s1,m19_s3,,,,,,,,,,,
objective_switch,segment,,e205,e213,,,r3,m9_s2,m8_s1,,,,,,,,,,,
objective_switch,segment,,e213,e237,,,r3,m8_s1,m10_s2,,,,,,,,,,,
objective_switch,segment,,e237,e259,,,r3,m10_s2,m11_s2,,,,,,,,,,,
objective_switch,segment,,e259,e315,,,r3,m11_s2,m13_s2,,,,,,,,,,,
objective_switch,segment,,e28,e52,,,r3,m1_s2,m2_s3,,,,,,,,,,,
objective_switch,segment,,e315,e327,,,r3,m13_s2,m14_s1,,,,,,,,,,,
objective_switch,segment,,e327,e357,,,r3,m14_s1,m15_s2,,,,,,,,,,,
objective_switch,segment,,e381,e407,,,r3,m16_s3,m17_s3,,,,,,,,,,,
objective_switch,segment,,e407,e437,,,r3,m17_s3,m19_s2,,,,,,,,,,,
objective_switch,segment,,e437,e459,,,r3,m19_s2,m20_s3,,,,,,,,,,,
objective_switch,segment,,e72,e92,,,r3,m5_s2,m4_s3,,,,,,,,,,,
objective_switch,segment,,e182,e197,,,r4,m2_s1,m2_s3,,,,,,,,,,,
objective_switch,segment,,e197,e246,,,r4,m2_s3,m5_s1,,,,,,,,,,,
objective_switch,segment,,e246,e251,,,r4,m5_s1,m5_s2,,,,,,,,,,,
objective_switch,segment,,e251,e268,,,r4,m5_s2,m4_s1,,,,,,,,,,,
objective_switch,segment,,e268,e286,,,r4,m4_s1,m4_s3,,,,,,,,,,,
objective_switch,segment,,e286,e340,,,r4,m4_s3,m7_s2,,,,,,,,,,,
objective_switch,segment,,e340,e390,,,r4,m7_s2,m4_s2,,,,,,,,,,,
objective_switch,segment,,e390,e395,,,r4,m4_s2,m3_s1,,,,,,,,,,,
objective_switch,segment,,e395,e417,,,r4,m3_s1,m6_s1,,,,,,,,,,,
objective_switch,segment,,e417,e469,,,r4,m6_s1,m7_s1,,,,,,,,,,,
objective_switch,segment,,e469,e499,,,r4,m7_s1,m6_s2,,,,,,,,,,,
objective_switch,segment,,e499,e508,,,r4,m6_s2,m8_s1,,,,,,,,,,,
objective_switch,segment,,e508,e527,,,r4,m8_s1,m10_s1,,,,,,,,,,,
objective_switch,segment,,e527,e545,,,r4,m10_s1,m9_s3,,,,,,,,,,,
objective_switch,segment,,e545,e559,,,r4,m9_s3,m10_s2,,,,,,,,,,,
objective_switch,segment,,e559,e590,,,r4,m10_s2,m12_s3,,,,,,,,,,,
objective_switch,segment,,e590,e598,,,r4,m12_s3,m11_s1,,,,,,,,,,,
objective_switch,segment,,e598,e673,,,r4,m11_s1,m13_s3,,,,,,,,,,,
objective_switch,segment,,e673,e678,,,r4,m13_s3,m14_s2,,,,,,,,,,,
objective_switch,segment,,e678,e715,,,r4,m14_s2,m18_s1,,,,,,,,,,,
objective_switch,segment,,e715,e725,,,r4,m18_s1,m19_s2,,,,,,,,,,,
objective_switch,segment,,e725,e752,,,r4,m19_s2,m20_s3,,,,,,,,,,,
objective_switch,segment,,e752,e779,,,r4,m20_s3,m19_s1,,,,,,,,,,,
objective_switch,segment,,e173,e217,,,r5,m6_s2,m8_s2,,,,,,,,,,,
objective_switch,segment,,e217,e233,,,r5,m8_s2,m10_s1,,,,,,,,,,,
objective_switch,segment,,e233,e255,,,r5,m10_s1,m11_s1,,,,,,,,,,,
objective_switch,segment,,e255,e294,,,r5,m11_s1,m12_s2,,,,,,,,,,,
objective_switch,segment,,e294,e331,,,r5,m12_s2,m14_s2,,,,,,,,,,,
objective_switch,segment,,e331,e361,,,r5,m14_s2,m15_s3,,,,,,,,,,,
objective_switch,segment,,e361,e421,,,r5,m15_s3,m18_s1,,,,,,,,,,,
objective_switch,segment,,e421,e433,,,r5,m18_s1,m19_s1,,,,,,,,,,,
objective_switch,segment,,e433,e448,,,r5,m19_s1,m20_s1,,,,,,,,,,,
objective_switch,segment,,e448,e573,,,r5,m20_s1,m11_s2,,,,,,,,,,,
objective_switch,segment,,e573,e603,,,r5,m11_s2,m13_s2,,,,,,,,,,,
objective_switch,segment,,e603,e633,,,r5,m13_s2,m14_s3,,,,,,,,,,,
objective_switch,segment,,e633,e647,,,r5,m14_s3,m12_s2,,,,,,,,,,,
objective_switch,segment,,e647,e705,,,r5,m12_s2,m17_s2,,,,,,,,,,,
objective_switch,segment,,e705,e747,,,r5,m17_s2,m17_s1,,,,,,,,,,,
objective_switch,segment,,e747,e774,,,r5,m17_s1,m20_s1,,,,,,,,,,,
objective_switch,segment,,e774,e798,,,r5,m20_s1,m20_s2,,,,,,,,,,,
objective_switch,segment,,e165,e229,,,r6,m1_s3,m2_s2,,,,,,,,,,,
objective_switch,segment,,e229,e344,,,r6,m2_s2,m3_s1,,,,,,,,,,,
objective_switch,segment,,e344,e369,,,r6,m3_s1,m7_s1,,,,,,,,,,,
objective_switch,segment,,e369,e489,,,r6,m7_s1,m6_s2,,,,,,,,,,,
objective_switch,segment,,e489,e503,,,r6,m6_s2,m8_s2,,,,,,,,,,,
objective_switch,segment,,e503,e540,,,r6,m8_s2,m10_s2,,,,,,,,,,,
objective_switch,segment,,e540,e549,,,r6,m10_s2,m11_s3,,,,,,,,,,,
objective_switch,segment,,e549,e611,,,r6,m11_s3,m13_s1,,,,,,,,,,,
objective_switch,segment,,e611,e615,,,r6,m13_s1,m13_s3,,,,,,,,,,,
objective_switch,segment,,e615,e628,,,r6,m13_s3,m15_s1,,,,,,,,,,,
objective_switch,segment,,e628,e668,,,r6,m15_s1,m15_s3,,,,,,,,,,,
objective_switch,segment,,e668,e700,,,r6,m15_s3,m17_s3,,,,,,,,,,,
objective_switch,segment,,e700,e742,,,r6,m17_s3,m18_s2,,,,,,,,,,,
objective_switch,segment,,e742,e764,,,r6,m18_s2,m20_s2,,,,,,,,,,,
objective_switch,segment,,e116,e124,,,r7,m3_s3,m7_s2,,,,,,,,,,,
objective_switch,segment,,e177,e209,,,r7,m6_s3,m9_s3,,,,,,,,,,,
objective_switch,segment,,e209,e241,,,r7,m9_s3,m10_s3,,,,,,,,,,,
objective_switch,segment,,e24,e48,,,r7,m1_s1,m2_s2,,,,,,,,,,,
objective_switch,segment,,e298,e319,,,r7,m12_s3,m13_s3,,,,,,,,,,,
objective_switch,segment,,e319,e353,,,r7,m13_s3,m15_s1,,,,,,,,,,,
objective_switch,segment,,e353,e377,,,r7,m15_s1,m16_s2,,,,,,,,,,,
objective_switch,segment,,e377,e403,,,r7,m16_s2,m17_s2,,,,,,,,,,,
objective_switch,segment,,e403,e429,,,r7,m17_s2,m18_s3,,,,,,,,,,,
objective_switch,segment,,e429,e441,,,r7,m18_s3,m19_s3,,,,,,,,,,,
objective_switch,segment,,e48,e88,,,r7,m2_s2,m4_s2,,,,,,,,,,,
objective_switch,segment,,e88,e116,,,r7,m4_s2,m3_s3,,,,,,,,,,,
objective_switch,segment,,e149,e187,,,r8,m1_s2,m1_s1,,,,,,,,,,,
objective_switch,segment,,e187,e192,,,r8,m1_s1,m1_s3,,,,,,,,,,,
objective_switch,segment,,e192,e281,,,r8,m1_s3,m2_s2,,,,,,,,,,,
objective_switch,segment,,e281,e307,,,r8,m2_s2,m5_s3,,,,,,,,,,,
objective_switch,segment,,e307,e349,,,r8,m5_s3,m3_s2,,,,,,,,,,,
objective_switch,segment,,e349,e412,,,r8,m3_s2,m3_s3,,,,,,,,,,,
objective_switch,segment,,e412,e464,,,r8,m3_s3,m6_s3,,,,,,,,,,,
objective_switch,segment,,e464,e478,,,r8,m6_s3,m9_s2,,,,,,,,,,,
objective_switch,segment,,e478,e494,,,r8,m9_s2,m7_s3,,,,,,,,,,,
objective_switch,segment,,e494,e513,,,r8,m7_s3,m9_s1,,,,,,,,,,,
objective_switch,segment,,e513,e518,,,r8,m9_s1,m8_s2,,,,,,,,,,,
objective_switch,segment,,e518,e536,,,r8,m8_s2,m8_s3,,,,,,,,,,,
objective_switch,segment,,e536,e554,,,r8,m8_s3,m10_s3,,,,,,,,,,,
objective_switch,segment,,e554,e585,,,r8,m10_s3,m11_s3,,,,,,,,,,,
objective_switch,segment,,e585,e655,,,r8,m11_s3,m16_s1,,,,,,,,,,,
objective_switch,segment,,e655,e710,,,r8,m16_s1,m16_s2,,,,,,,,,,,
objective_switch,segment,,e710,e734,,,r8,m16_s2,m18_s3,,,,,,,,,,,
objective_switch,segment,,e734,e769,,,r8,m18_s3,m17_s3,,,,,,,,,,,
objective_switch,segment,,e769,e793,,,r8,m17_s3,m19_s3,,,,,,,,,,,
parallel_collaboration,mission,,,,,,,,,,,,,,,m1,m10,,2026-01-01T08:06:03.00,2026-01-01T08:18:47.34
parallel_collaboration,mission,,,,,,,,,,,,,,,m1,m11,,2026-01-01T08:06:29.62,2026-01-01T08:18:47.34
parallel_collaboration,mission,,,,,,,,,,,,,,,m1,m12,,2026-01-01T08:08:39.91,2026-01-01T08:18:47.34
parallel_collaboration,mission,,,,,,,,,,,,,,,m1,m13,,2026-01-01T08:08:59.00,2026-01-01T08:18:47.34
parallel_collaboration,mission,,,,,,,,,,,,,,,m1,m14,,2026-01-01T08:09:29.28,2026-01-01T08:18:47.34
parallel_collaboration,mission,,,,,,,,,,,,,,,m1,m15,,2026-01-01T08:10:40.93,2026-01-01T08:18:47.34
parallel_collaboration,mission,,,,,,,,,,,,,,,m1,m16,,2026-01-01T08:11:02.66,2026-01-01T08:18:47.34
parallel_collaboration,mission,,,,,,,,,,,,,,,m1,m17,,2026-01-01T08:12:03.75,2026-01-01T08:18:47.34
parallel_collaboration,mission,,,,,,,,,,,,,,,m1,m18,,2026-01-01T08:12:33.34,2026-01-01T08:18:47.34
parallel_collaboration,mission,,,,,,,,,,,,,,,m1,m19,,2026-01-01T08:12:38.91,2026-01-01T08:18:47.34
parallel_collaboration,mission,,,,,,,,,,,,,,,m1,m2,,2026-01-01T08:00:58.87,2026-01-01T08:18:47.34
parallel_collaboration,mission,,,,,,,,,,,,,,,m1,m20,,2026-01-01T08:12:47.04,2026-01-01T08:18:47.34
parallel_collaboration,mission,,,,,,,,,,,,,,,m1,m3,,2026-01-01T08:02:06.85,2026-01-01T08:18:47.34
parallel_collaboration,mission,,,,,,,,,,,,,,,m1,m4,,2026-01-01T08:01:31.92,2026-01-01T08:18:47.34
parallel_collaboration,mission,,,,,,,,,,,,,,,m1,m5,,2026-01-01T08:01:19.67,2026-01-01T08:18:47.34
parallel_collaboration,mission,,,,,,,,,,,,,,,m1,m6,,2026-01-01T08:03:37.02,2026-01-01T08:18:47.34
parallel_collaboration,mission,,,,,,,,,,,,,,,m1,m7,,2026-01-01T08:02:06.60,2026-01-01T08:18:47.34
parallel_collaboration,mission,,,,,,,,,,,,,,,m1,m8,,2026-01-01T08:05:14.84,2026-01-01T08:18:47.34
parallel_collaboration,mission,,,,,,,,,,,,,,,m1,m9,,2026-01-01T08:05:13.55,2026-01-01T08:18:47.34
parallel_collaboration,mission,,,,,,,,,,,,,,,m10,m11,,2026-01-01T08:06:29.62,2026-01-01T08:37:22.61
parallel_collaboration,mission,,,,,,,,,,,,,,,m10,m12,,2026-01-01T08:08:39.91,2026-01-01T08:37:32.81
parallel_collaboration,mission,,,,,,,,,,,,,,,m10,m13,,2026-01-01T08:08:59.00,2026-01-01T08:37:32.81
parallel_collaboration,mission,,,,,,,,,,,,,,,m10,m14,,2026-01-01T08:09:29.28,2026-01-01T08:37:32.81
parallel_collaboration,mission,,,,,,,,,,,,,,,m10,m15,,2026-01-01T08:10:40.93,2026-01-01T08:37:32.81
parallel_collaboration,mission,,,,,,,,,,,,,,,m10,m16,,2026-01-01T08:11:02.66,2026-01-01T08:37:32.81
parallel_collaboration,mission,,,,,,,,,,,,,,,m10,m17,,2026-01-01T08:12:03.75,2026-01-01T08:37:32.81
parallel_collaboration,mission,,,,,,,,,,,,,,,m10,m18,,2026-01-01T08:12:33.34,2026-01-01T08:37:32.81
parallel_collaboration,mission,,,,,,,,,,,,,,,m10,m19,,2026-01-01T08:12:38.91,2026-01-01T08:37:32.81
parallel_collaboration,mission,,,,,,,,,,,,,,,m10,m2,,2026-01-01T08:06:03.00,2026-01-01T08:23:49.04
parallel_collaboration,mission,,,,,,,,,,,,,,,m10,m20,,2026-01-01T08:12:47.04,2026-01-01T08:37:32.81
parallel_collaboration,mission,,,,,,,,,,,,,,,m10,m3,,2026-01-01T08:06:03.00,2026-01-01T08:33:20.22
parallel_collaboration,mission,,,,,,,,,,,,,,,m10,m4,,2026-01-01T08:06:03.00,2026-01-01T08:31:53.53
parallel_collaboration,mission,,,,,,,,,,,,,,,m10,m5,,2026-01-01T08:06:03.00,2026-01-01T08:32:06.10
parallel_collaboration,mission,,,,,,,,,,,,,,,m10,m6,,2026-01-01T08:06:03.00,2026-01-01T08:34:16.85
parallel_collaboration,mission,,,,,,,,,,,,,,,m10,m7,,2026-01-01T08:06:03.00,2026-01-01T08:34:32.39
parallel_collaboration,mission,,,,,,,,,,,,,,,m10,m8,,2026-01-01T08:06:03.00,2026-01-01T08:35:51.95
parallel_collaboration,mission,,,,,,,,,,,,,,,m10,m9,,2026-01-01T08:06:03.00,2026-01-01T08:36:22.50
parallel_collaboration,mission,,,,,,,,,,,,,,,m11,m12,,2026-01-01T08:08:39.91,2026-01-01T08:37:22.61
parallel_collaboration,mission,,,,,,,,,,,,,,,m11,m13,,2026-01-01T08:08:59.00,2026-01-01T08:37:22.61
parallel_collaboration,mission,,,,,,,,,,,,,,,m11,m14,,2026-01-01T08:09:29.28,2026-01-01T08:37:22.61
parallel_collaboration,mission,,,,,,,,,,,,,,,m11,m15,,2026-01-01T08:10:40.93,2026-01-01T08:37:22.61
parallel_collaboration,mission,,,,,,,,,,,,,,,m11,m16,,2026-01-01T08:11:02.66,2026-01-01T08:37:22.61
parallel_collaboration,mission,,,,,,,,,,,,,,,m11,m17,,2026-01-01T08:12:03.75,2026-01-01T08:37:22.61
parallel_collaboration,mission,,,,,,,,,,,,,,,m11,m18,,2026-01-01T08:12:33.34,2026-01-01T08:37:22.61
parallel_collaboration,mission,,,,,,,,,,,,,,,m11,m19,,2026-01-01T08:12:38.91,2026-01-01T08:37:22.61
parallel_collaboration,mission,,,,,,,,,,,,,,,m11,m2,,2026-01-01T08:06:29.62,2026-01-01T08:23:49.04
parallel_collaboration,mission,,,,,,,,,,,,,,,m11,m20,,2026-01-01T08:12:47.04,2026-01-01T08:37:22.61
parallel_collaboration,mission,,,,,,,,,,,,,,,m11,m3,,2026-01-01T08:06:29.62,2026-01-01T08:33:20.22
parallel_collaboration,mission,,,,,,,,,,,,,,,m11,m4,,2026-01-01T08:06:29.62,2026-01-01T08:31:53.53
parallel_collaboration,mission,,,,,,,,,,,,,,,m11,m5,,2026-01-01T08:06:29.62,2026-01-01T08:32:06.10
parallel_collaboration,mission,,,,,,,,,,,,,,,m11,m6,,2026-01-01T08:06:29.62,2026-01-01T08:34:16.85
parallel_collaboration,mission,,,,,,,,,,,,,,,m11,m7,,2026-01-01T08:06:29.62,2026-01-01T08:34:32.39
parallel_collaboration,mission,,,,,,,,,,,,,,,m11,m8,,2026-01-01T08:06:29.62,2026-01-01T08:35:51.95
parallel_collaboration,mission,,,,,,,,,,,,,,,m11,m9,,2026-01-01T08:06:29.62,2026-01-01T08:36:22.50
parallel_collaboration,mission,,,,,,,,,,,,,,,m12,m13,,2026-01-01T08:08:59.00,2026-01-01T08:39:03.47
parallel_collaboration,mission,,,,,,,,,,,,,,,m12,m14,,2026-01-01T08:09:29.28,2026-01-01T08:39:03.47
parallel_collaboration,mission,,,,,,,,,,,,,,,m12,m15,,2026-01-01T08:10:40.93,2026-01-01T08:39:03.47
parallel_collaboration,mission,,,,,,,,,,,,,,,m12,m16,,2026-01-01T08:11:02.66,2026-01-01T08:39:03.47
parallel_collaboration,mission,,,,,,,,,,,,,,,m12,m17,,2026-01-01T08:12:03.75,2026-01-01T08:39:03.47
parallel_collaboration,mission,,,,,,,,,,,,,,,m12,m18,,2026-01-01T08:12:33.34,2026-01-01T08:39:03.47
parallel_collaboration,mission,,,,,,,,,,,,,,,m12,m19,,2026-01-01T08:12:38.91,2026-01-01T08:39:03.47
parallel_collaboration,mission,,,,,,,,,,,,,,,m12,m2,,2026-01-01T08:08:39.91,2026-01-01T08:23:49.04
parallel_collaboration,mission,,,,,,,,,,,,,,,m12,m20,,2026-01-01T08:12:47.04,2026-01-01T08:39:03.47
parallel_collaboration,mission,,,,,,,,,,,,,,,m12,m3,,2026-01-01T08:08:39.91,2026-01-01T08:33:20.22
parallel_collaboration,mission,,,,,,,,,,,,,,,m12,m4,,2026-01-01T08:08:39.91,2026-01-01T08:31:53.53
parallel_collaboration,mission,,,,,,,,,,,,,,,m12,m5,,2026-01-01T08:08:39.91,2026-01-01T08:32:06.10
parallel_collaboration,mission,,,,,,,,,,,,,,,m12,m6,,2026-01-01T08:08:39.91,2026-01-01T08:34:16.85
parallel_collaboration,mission,,,,,,,,,,,,,,,m12,m7,,2026-01-01T08:08:39.91,2026-01-01T08:34:32.39
parallel_collaboration,mission,,,,,,,,,,,,,,,m12,m8,,2026-01-01T08:08:39.91,2026-01-01T08:35:51.95
parallel_collaboration,mission,,,,,,,,,,,,,,,m12,m9,,2026-01-01T08:08:39.91,2026-01-01T08:36:22.50
parallel_collaboration,mission,,,,,,,,,,,,,,,m13,m14,,2026-01-01T08:09:29.28,2026-01-01T08:39:05.16
parallel_collaboration,mission,,,,,,,,,,,,,,,m13,m15,,2026-01-01T08:10:40.93,2026-01-01T08:39:05.16
parallel_collaboration,mission,,,,,,,,,,,,,,,m13,m16,,2026-01-01T08:11:02.66,2026-01-01T08:39:05.16
parallel_collaboration,mission,,,,,,,,,,,,,,,m13,m17,,2026-01-01T08:12:03.75,2026-01-01T08:39:05.16
parallel_collaboration,mission,,,,,,,,,,,,,,,m13,m18,,2026-01-01T08:12:33.34,2026-01-01T08:39:05.16
parallel_collaboration,mission,,,,,,,,,,,,,,,m13,m19,,2026-01-01T08:12:38.91,2026-01-01T08:39:05.16
parallel_collaboration,mission,,,,,,,,,,,,,,,m13,m2,,2026-01-01T08:08:59.00,2026-01-01T08:23:49.04
parallel_collaboration,mission,,,,,,,,,,,,,,,m13,m20,,2026-01-01T08:12:47.04,2026-01-01T08:39:05.16
parallel_collaboration,mission,,,,,,,,,,,,,,,m13,m3,,2026-01-01T08:08:59.00,2026-01-01T08:33:20.22
parallel_collaboration,mission,,,,,,,,,,,,,,,m13,m4,,2026-01-01T08:08:59.00,2026-01-01T08:31:53.53
parallel_collaboration,mission,,,,,,,,,,,,,,,m13,m5,,2026-01-01T08:08:59.00,2026-01-01T08:32:06.10
parallel_collaboration,mission,,,,,,,,,,,,,,,m13,m6,,2026-01-01T08:08:59.00,2026-01-01T08:34:16.85
parallel_collaboration,mission,,,,,,,,,,,,,,,m13,m7,,2026-01-01T08:08:59.00,2026-01-01T08:34:32.39
parallel_collaboration,mission,,,,,,,,,,,,,,,m13,m8,,2026-01-01T08:08:59.00,2026-01-01T08:35:51.95
parallel_collaboration,mission,,,,,,,,,,,,,,,m13,m9,,2026-01-01T08:08:59.00,2026-01-01T08:36:22.50
parallel_collaboration,mission,,,,,,,,,,,,,,,m14,m15,,2026-01-01T08:10:40.93,2026-01-01T08:39:52.57
parallel_collaboration,mission,,,,,,,,,,,,,,,m14,m16,,2026-01-01T08:11:02.66,2026-01-01T08:39:52.57
parallel_collaboration,mission,,,,,,,,,,,,,,,m14,m17,,2026-01-01T08:12:03.75,2026-01-01T08:39:52.57
parallel_collaboration,mission,,,,,,,,,,,,,,,m14,m18,,2026-01-01T08:12:33.34,2026-01-01T08:39:52.57
parallel_collaboration,mission,,,,,,,,,,,,,,,m14,m19,,2026-01-01T08:12:38.91,2026-01-01T08:39:52.57
parallel_collaboration,mission,,,,,,,,,,,,,,,m14,m2,,2026-01-01T08:09:29.28,2026-01-01T08:23:49.04
parallel_collaboration,mission,,,,,,,,,,,,,,,m14,m20,,2026-01-01T08:12:47.04,2026-01-01T08:39:52.57
parallel_collaboration,mission,,,,,,,,,,,,,,,m14,m3,,2026-01-01T08:09:29.28,2026-01-01T08:33:20.22
parallel_collaboration,mission,,,,,,,,,,,,,,,m14,m4,,2026-01-01T08:09:29.28,2026-01-01T08:31:53.53
parallel_collaboration,mission,,,,,,,,,,,,,,,m14,m5,,2026-01-01T08:09:29.28,2026-01-01T08:32:06.10
parallel_collaboration,mission,,,,,,,,,,,,,,,m14,m6,,2026-01-01T08:09:29.28,2026-01-01T08:34:16.85
parallel_collaboration,mission,,,,,,,,,,,,,,,m14,m7,,2026-01-01T08:09:29.28,2026-01-01T08:34:32.39
parallel_collaboration,mission,,,,,,,,,,,,,,,m14,m8,,2026-01-01T08:09:29.28,2026-01-01T08:35:51.95
parallel_collaboration,mission,,,,,,,,,,,,,,,m14,m9,,2026-01-01T08:09:29.28,2026-01-01T08:36:22.50
parallel_collaboration,mission,,,,,,,,,,,,,,,m15,m16,,2026-01-01T08:11:02.66,2026-01-01T08:42:00.63
parallel_collaboration,mission,,,,,,,,,,,,,,,m15,m17,,2026-01-01T08:12:03.75,2026-01-01T08:42:19.99
parallel_collaboration,mission,,,,,,,,,,,,,,,m15,m18,,2026-01-01T08:12:33.34,2026-01-01T08:42:19.99
parallel_collaboration,mission,,,,,,,,,,,,,,,m15,m19,,2026-01-01T08:12:38.91,2026-01-01T08:42:19.99
parallel_collaboration,mission,,,,,,,,,,,,,,,m15,m2,,2026-01-01T08:10:40.93,2026-01-01T08:23:49.04
parallel_collaboration,mission,,,,,,,,,,,,,,,m15,m20,,2026-01-01T08:12:47.04,2026-01-01T08:42:19.99
parallel_collaboration,mission,,,,,,,,,,,,,,,m15,m3,,2026-01-01T08:10:40.93,2026-01-01T08:33:20.22
parallel_collaboration,mission,,,,,,,,,,,,,,,m15,m4,,2026-01-01T08:10:40.93,2026-01-01T08:31:53.53
parallel_collaboration,mission,,,,,,,,,,,,,,,m15,m5,,2026-01-01T08:10:40.93,2026-01-01T08:32:06.10
parallel_collaboration,mission,,,,,,,,,,,,,,,m15,m6,,2026-01-01T08:10:40.93,2026-01-01T08:34:16.85
parallel_collaboration,mission,,,,,,,,,,,,,,,m15,m7,,2026-01-01T08:10:40.93,2026-01-01T08:34:32.39
parallel_collaboration,mission,,,,,,,,,,,,,,,m15,m8,,2026-01-01T08:10:40.93,2026-01-01T08:35:51.95
parallel_collaboration,mission,,,,,,,,,,,,,,,m15,m9,,2026-01-01T08:10:40.93,2026-01-01T08:36:22.50
parallel_collaboration,mission,,,,,,,,,,,,,,,m16,m17,,2026-01-01T08:12:03.75,2026-01-01T08:42:00.63
parallel_collaboration,mission,,,,,,,,,,,,,,,m16,m18,,2026-01-01T08:12:33.34,2026-01-01T08:42:00.63
parallel_collaboration,mission,,,,,,,,,,,,,,,m16,m19,,2026-01-01T08:12:38.91,2026-01-01T08:42:00.63
parallel_collaboration,mission,,,,,,,,,,,,,,,m16,m2,,2026-01-01T08:11:02.66,2026-01-01T08:23:49.04
parallel_collaboration,mission,,,,,,,,,,,,,,,m16,m20,,2026-01-01T08:12:47.04,2026-01-01T08:42:00.63
parallel_collaboration,mission,,,,,,,,,,,,,,,m16,m3,,2026-01-01T08:11:02.66,2026-01-01T08:33:20.22
parallel_collaboration,mission,,,,,,,,,,,,,,,m16,m4,,2026-01-01T08:11:02.66,2026-01-01T08:31:53.53
parallel_collaboration,mission,,,,,,,,,,,,,,,m16,m5,,2026-01-01T08:11:02.66,2026-01-01T08:32:06.10
parallel_collaboration,mission,,,,,,,,,,,,,,,m16,m6,,2026-01-01T08:11:02.66,2026-01-01T08:34:16.85
parallel_collaboration,mission,,,,,,,,,,,,,,,m16,m7,,2026-01-01T08:11:02.66,2026-01-01T08:34:32.39
parallel_collaboration,mission,,,,,,,,,,,,,,,m16,m8,,2026-01-01T08:11:02.66,2026-01-01T08:35:51.95
parallel_collaboration,mission,,,,,,,,,,,,,,,m16,m9,,2026-01-01T08:11:02.66,2026-01-01T08:36:22.50
parallel_collaboration,mission,,,,,,,,,,,,,,,m17,m18,,2026-01-01T08:12:33.34,2026-01-01T08:44:10.23
parallel_collaboration,mission,,,,,,,,,,,,,,,m17,m19,,2026-01-01T08:12:38.91,2026-01-01T08:44:39.85
parallel_collaboration,mission,,,,,,,,,,,,,,,m17,m2,,2026-01-01T08:12:03.75,2026-01-01T08:23:49.04
parallel_collaboration,mission,,,,,,,,,,,,,,,m17,m20,,2026-01-01T08:12:47.04,2026-01-01T08:44:39.85
parallel_collaboration,mission,,,,,,,,,,,,,,,m17,m3,,2026-01-01T08:12:03.75,2026-01-01T08:33:20.22
parallel_collaboration,mission,,,,,,,,,,,,,,,m17,m4,,2026-01-01T08:12:03.75,2026-01-01T08:31:53.53
parallel_collaboration,mission,,,,,,,,,,,,,,,m17,m5,,2026-01-01T08:12:03.75,2026-01-01T08:32:06.10
parallel_collaboration,mission,,,,,,,,,,,,,,,m17,m6,,2026-01-01T08:12:03.75,2026-01-01T08:34:16.85
parallel_collaboration,mission,,,,,,,,,,,,,,,m17,m7,,2026-01-01T08:12:03.75,2026-01-01T08:34:32.39
parallel_collaboration,mission,,,,,,,,,,,,,,,m17,m8,,2026-01-01T08:12:03.75,2026-01-01T08:35:51.95
parallel_collaboration,mission,,,,,,,,,,,,,,,m17,m9,,2026-01-01T08:12:03.75,2026-01-01T08:36:22.50
parallel_collaboration,mission,,,,,,,,,,,,,,,m18,m19,,2026-01-01T08:12:38.91,2026-01-01T08:44:10.23
parallel_collaboration,mission,,,,,,,,,,,,,,,m18,m2,,2026-01-01T08:12:33.34,2026-01-01T08:23:49.04
parallel_collaboration,mission,,,,,,,,,,,,,,,m18,m20,,2026-01-01T08:12:47.04,2026-01-01T08:44:10.23
parallel_collaboration,mission,,,,,,,,,,,,,,,m18,m3,,2026-01-01T08:12:33.34,2026-01-01T08:33:20.22
parallel_collaboration,mission,,,,,,,,,,,,,,,m18,m4,,2026-01-01T08:12:33.34,2026-01-01T08:31:53.53
parallel_collaboration,mission,,,,,,,,,,,,,,,m18,m5,,2026-01-01T08:12:33.34,2026-01-01T08:32:06.10
parallel_collaboration,mission,,,,,,,,,,,,,,,m18,m6,,2026-01-01T08:12:33.34,2026-01-01T08:34:16.85
parallel_collaboration,mission,,,,,,,,,,,,,,,m18,m7,,2026-01-01T08:12:33.34,2026-01-01T08:34:32.39
parallel_collaboration,mission,,,,,,,,,,,,,,,m18,m8,,2026-01-01T08:12:33.34,2026-01-01T08:35:51.95
parallel_collaboration,mission,,,,,,,,,,,,,,,m18,m9,,2026-01-01T08:12:33.34,2026-01-01T08:36:22.50
parallel_collaboration,mission,,,,,,,,,,,,,,,m19,m2,,2026-01-01T08:12:38.91,2026-01-01T08:23:49.04
parallel_collaboration,mission,,,,,,,,,,,,,,,m19,m20,,2026-01-01T08:12:47.04,2026-01-01T08:45:24.03
parallel_collaboration,mission,,,,,,,,,,,,,,,m19,m3,,2026-01-01T08:12:38.91,2026-01-01T08:33:20.22
parallel_collaboration,mission,,,,,,,,,,,,,,,m19,m4,,2026-01-01T08:12:38.91,2026-01-01T08:31:53.53
parallel_collaboration,mission,,,,,,,,,,,,,,,m19,m5,,2026-01-01T08:12:38.91,2026-01-01T08:32:06.10
parallel_collaboration,mission,,,,,,,,,,,,,,,m19,m6,,2026-01-01T08:12:38.91,2026-01-01T08:34:16.85
parallel_collaboration,mission,,,,,,,,,,,,,,,m19,m7,,2026-01-01T08:12:38.91,2026-01-01T08:34:32.39
parallel_collaboration,mission,,,,,,,,,,,,,,,m19,m8,,2026-01-01T08:12:38.91,2026-01-01T08:35:51.95
parallel_collaboration,mission,,,,,,,,,,,,,,,m19,m9,,2026-01-01T08:12:38.91,2026-01-01T08:36:22.50
parallel_collaboration,mission,,,,,,,,,,,,,,,m2,m20,,2026-01-01T08:12:47.04,2026-01-01T08:23:49.04
parallel_collaboration,mission,,,,,,,,,,,,,,,m2,m3,,2026-01-01T08:02:06.85,2026-01-01T08:23:49.04
parallel_collaboration,mission,,,,,,,,,,,,,,,m2,m4,,2026-01-01T08:01:31.92,2026-01-01T08:23:49.04
parallel_collaboration,mission,,,,,,,,,,,,,,,m2,m5,,2026-01-01T08:01:19.67,2026-01-01T08:23:49.04
parallel_collaboration,mission,,,,,,,,,,,,,,,m2,m6,,2026-01-01T08:03:37.02,2026-01-01T08:23:49.04
parallel_collaboration,mission,,,,,,,,,,,,,,,m2,m7,,2026-01-01T08:02:06.60,2026-01-01T08:23:49.04
parallel_collaboration,mission,,,,,,,,,,,,,,,m2,m8,,2026-01-01T08:05:14.84,2026-01-01T08:23:49.04
parallel_collaboration,mission,,,,,,,,,,,,,,,m2,m9,,2026-01-01T08:05:13.55,2026-01-01T08:23:49.04
parallel_collaboration,mission,,,,,,,,,,,,,,,m20,m3,,2026-01-01T08:12:47.04,2026-01-01T08:33:20.22
parallel_collaboration,mission,,,,,,,,,,,,,,,m20,m4,,2026-01-01T08:12:47.04,2026-01-01T08:31:53.53
parallel_collaboration,mission,,,,,,,,,,,,,,,m20,m5,,2026-01-01T08:12:47.04,2026-01-01T08:32:06.10
parallel_collaboration,mission,,,,,,,,,,,,,,,m20,m6,,2026-01-01T08:12:47.04,2026-01-01T08:34:16.85
parallel_collaboration,mission,,,,,,,,,,,,,,,m20,m7,,2026-01-01T08:12:47.04,2026-01-01T08:34:32.39
parallel_collaboration,mission,,,,,,,,,,,,,,,m20,m8,,2026-01-01T08:12:47.04,2026-01-01T08:35:51.95
parallel_collaboration,mission,,,,,,,,,,,,,,,m20,m9,,2026-01-01T08:12:47.04,2026-01-01T08:36:22.50
parallel_collaboration,mission,,,,,,,,,,,,,,,m3,m4,,2026-01-01T08:02:06.85,2026-01-01T08:31:53.53
parallel_collaboration,mission,,,,,,,,,,,,,,,m3,m5,,2026-01-01T08:02:06.85,2026-01-01T08:32:06.10
parallel_collaboration,mission,,,,,,,,,,,,,,,m3,m6,,2026-01-01T08:03:37.02,2026-01-01T08:33:20.22
parallel_collaboration,mission,,,,,,,,,,,,,,,m3,m7,,2026-01-01T08:02:06.85,2026-01-01T08:33:20.22
parallel_collaboration,mission,,,,,,,,,,,,,,,m3,m8,,2026-01-01T08:05:14.84,2026-01-01T08:33:20.22
parallel_collaboration,mission,,,,,,,,,,,,,,,m3,m9,,2026-01-01T08:05:13.55,2026-01-01T08:33:20.22
parallel_collaboration,mission,,,,,,,,,,,,,,,m4,m5,,2026-01-01T08:01:31.92,2026-01-01T08:31:53.53
parallel_collaboration,mission,,,,,,,,,,,,,,,m4,m6,,2026-01-01T08:03:37.02,2026-01-01T08:31:53.53
parallel_collaboration,mission,,,,,,,,,,,,,,,m4,m7,,2026-01-01T08:02:06.60,2026-01-01T08:31:53.53
parallel_collaboration,mission,,,,,,,,,,,,,,,m4,m8,,2026-01-01T08:05:14.84,2026-01-01T08:31:53.53
parallel_collaboration,mission,,,,,,,,,,,,,,,m4,m9,,2026-01-01T08:05:13.55,2026-01-01T08:31:53.53
parallel_collaboration,mission,,,,,,,,,,,,,,,m5,m6,,2026-01-01T08:03:37.02,2026-01-01T08:32:06.10
parallel_collaboration,mission,,,,,,,,,,,,,,,m5,m7,,2026-01-01T08:02:06.60,2026-01-01T08:32:06.10
parallel_collaboration,mission,,,,,,,,,,,,,,,m5,m8,,2026-01-01T08:05:14.84,2026-01-01T08:32:06.10
parallel_collaboration,mission,,,,,,,,,,,,,,,m5,m9,,2026-01-01T08:05:13.55,2026-01-01T08:32:06.10
parallel_collaboration,mission,,,,,,,,,,,,,,,m6,m7,,2026-01-01T08:03:37.02,2026-01-01T08:34:16.85
parallel_collaboration,mission,,,,,,,,,,,,,,,m6,m8,,2026-01-01T08:05:14.84,2026-01-01T08:34:16.85
parallel_collaboration,mission,,,,,,,,,,,,,,,m6,m9,,2026-01-01T08:05:13.55,2026-01-01T08:34:16.85
parallel_collaboration,mission,,,,,,,,,,,,,,,m7,m8,,2026-01-01T08:05:14.84,2026-01-01T08:34:32.39
parallel_collaboration,mission,,,,,,,,,,,,,,,m7,m9,,2026-01-01T08:05:13.55,2026-01-01T08:34:32.39
parallel_collaboration,mission,,,,,,,,,,,,,,,m8,m9,,2026-01-01T08:05:14.84,2026-01-01T08:35:51.95
parallel_collaboration,segment,,,,,,,,,,,,,,,m10_s1,m10_s2,m10,2026-01-01T08:16:50.67,2026-01-01T08:28:10.66
parallel_collaboration,segment,,,,,,,,,,,,,,,m10_s1,m10_s3,m10,2026-01-01T08:17:17.87,2026-01-01T08:28:10.66
parallel_collaboration,segment,,,,,,,,,,,,,,,m10_s2,m10_s3,m10,2026-01-01T08:17:17.87,2026-01-01T08:31:15.78
parallel_collaboration,segment,,,,,,,,,,,,,,,m11_s1,m11_s2,m11,2026-01-01T08:18:23.66,2026-01-01T08:33:05.93
parallel_collaboration,segment,,,,,,,,,,,,,,,m11_s1,m11_s3,m11,2026-01-01T08:17:41.89,2026-01-01T08:33:47.07
parallel_collaboration,segment,,,,,,,,,,,,,,,m11_s2,m11_s3,m11,2026-01-01T08:18:23.66,2026-01-01T08:33:05.93
parallel_collaboration,segment,,,,,,,,,,,,,,,m12_s1,m12_s2,m12,2026-01-01T08:20:22.06,2026-01-01T08:33:14.72
parallel_collaboration,segment,,,,,,,,,,,,,,,m12_s1,m12_s3,m12,2026-01-01T08:19:25.63,2026-01-01T08:33:07.60
parallel_collaboration,segment,,,,,,,,,,,,,,,m12_s2,m12_s3,m12,2026-01-01T08:20:22.06,2026-01-01T08:33:07.60
parallel_collaboration,segment,,,,,,,,,,,,,,,m13_s1,m13_s2,m13,2026-01-01T08:20:45.05,2026-01-01T08:35:17.90
parallel_collaboration,segment,,,,,,,,,,,,,,,m13_s1,m13_s3,m13,2026-01-01T08:21:25.37,2026-01-01T08:37:22.10
parallel_collaboration,segment,,,,,,,,,,,,,,,m13_s2,m13_s3,m13,2026-01-01T08:21:25.37,2026-01-01T08:35:17.90
parallel_collaboration,segment,,,,,,,,,,,,,,,m14_s1,m14_s2,m14,2026-01-01T08:21:51.60,2026-01-01T08:35:40.58
parallel_collaboration,segment,,,,,,,,,,,,,,,m14_s1,m14_s3,m14,2026-01-01T08:22:25.31,2026-01-01T08:35:40.58
parallel_collaboration,segment,,,,,,,,,,,,,,,m14_s2,m14_s3,m14,2026-01-01T08:22:25.31,2026-01-01T08:36:14.37
parallel_collaboration,segment,,,,,,,,,,,,,,,m15_s1,m15_s2,m15,2026-01-01T08:22:27.99,2026-01-01T08:36:57.35
parallel_collaboration,segment,,,,,,,,,,,,,,,m15_s1,m15_s3,m15,2026-01-01T08:24:22.33,2026-01-01T08:39:40.29
parallel_collaboration,segment,,,,,,,,,,,,,,,m15_s2,m15_s3,m15,2026-01-01T08:24:22.33,2026-01-01T08:36:57.35
parallel_collaboration,segment,,,,,,,,,,,,,,,m16_s1,m16_s2,m16,2026-01-01T08:25:09.66,2026-01-01T08:38:11.02
parallel_collaboration,segment,,,,,,,,,,,,,,,m16_s1,m16_s3,m16,2026-01-01T08:25:11.11,2026-01-01T08:38:11.02
parallel_collaboration,segment,,,,,,,,,,,,,,,m16_s2,m16_s3,m16,2026-01-01T08:25:11.11,2026-01-01T08:38:30.21
parallel_collaboration,segment,,,,,,,,,,,,,,,m17_s1,m17_s2,m17,2026-01-01T08:26:56.53,2026-01-01T08:40:43.29
parallel_collaboration,segment,,,,,,,,,,,,,,,m17_s1,m17_s3,m17,2026-01-01T08:26:47.87,2026-01-01T08:41:46.32
parallel_collaboration,segment,,,,,,,,,,,,,,,m17_s2,m17_s3,m17,2026-01-01T08:26:56.53,2026-01-01T08:40:43.29
parallel_collaboration,segment,,,,,,,,,,,,,,,m18_s1,m18_s2,m18,2026-01-01T08:28:56.51,2026-01-01T08:39:45.99
parallel_collaboration,segment,,,,,,,,,,,,,,,m18_s1,m18_s3,m18,2026-01-01T08:28:28.55,2026-01-01T08:39:45.99
parallel_collaboration,segment,,,,,,,,,,,,,,,m18_s2,m18_s3,m18,2026-01-01T08:28:56.51,2026-01-01T08:41:01.76
parallel_collaboration,segment,,,,,,,,,,,,,,,m19_s1,m19_s2,m19,2026-01-01T08:28:27.19,2026-01-01T08:41:26.39
parallel_collaboration,segment,,,,,,,,,,,,,,,m19_s1,m19_s3,m19,2026-01-01T08:30:26.49,2026-01-01T08:44:49.14
parallel_collaboration,segment,,,,,,,,,,,,,,,m19_s2,m19_s3,m19,2026-01-01T08:30:26.49,2026-01-01T08:41:26.39
parallel_collaboration,segment,,,,,,,,,,,,,,,m1_s1,m1_s2,m1,2026-01-01T08:02:46.25,2026-01-01T08:03:59.99
parallel_collaboration,segment,,,,,,,,,,,,,,,m1_s1,m1_s3,m1,2026-01-01T08:03:12.29,2026-01-01T08:05:27.68
parallel_collaboration,segment,,,,,,,,,,,,,,,m1_s2,m1_s3,m1,2026-01-01T08:03:12.29,2026-01-01T08:03:59.99
parallel_collaboration,segment,,,,,,,,,,,,,,,m20_s1,m20_s2,m20,2026-01-01T08:31:11.75,2026-01-01T08:42:44.10
parallel_collaboration,segment,,,,,,,,,,,,,,,m20_s1,m20_s3,m20,2026-01-01T08:31:11.75,2026-01-01T08:42:44.10
parallel_collaboration,segment,,,,,,,,,,,,,,,m20_s2,m20_s3,m20,2026-01-01T08:30:38.76,2026-01-01T08:42:51.17
parallel_collaboration,segment,,,,,,,,,,,,,,,m2_s1,m2_s3,m2,2026-01-01T08:04:22.45,2026-01-01T08:04:55.00
parallel_collaboration,segment,,,,,,,,,,,,,,,m2_s2,m2_s3,m2,2026-01-01T08:05:32.86,2026-01-01T08:06:49.13
parallel_collaboration,segment,,,,,,,,,,,,,,,m3_s1,m3_s2,m3,2026-01-01T08:10:29.86,2026-01-01T08:15:36.44
parallel_collaboration,segment,,,,,,,,,,,,,,,m3_s1,m3_s3,m3,2026-01-01T08:09:42.56,2026-01-01T08:17:26.94
parallel_collaboration,segment,,,,,,,,,,,,,,,m3_s2,m3_s3,m3,2026-01-01T08:10:29.86,2026-01-01T08:15:36.44
parallel_collaboration,segment,,,,,,,,,,,,,,,m4_s1,m4_s2,m4,2026-01-01T08:08:37.80,2026-01-01T08:11:03.47
parallel_collaboration,segment,,,,,,,,,,,,,,,m4_s1,m4_s3,m4,2026-01-01T08:08:05.91,2026-01-01T08:11:03.47
parallel_collaboration,segment,,,,,,,,,,,,,,,m4_s2,m4_s3,m4,2026-01-01T08:08:37.80,2026-01-01T08:13:23.26
parallel_collaboration,segment,,,,,,,,,,,,,,,m5_s1,m5_s2,m5,2026-01-01T08:06:25.50,2026-01-01T08:08:32.01
parallel_collaboration,segment,,,,,,,,,,,,,,,m5_s1,m5_s3,m5,2026-01-01T08:07:16.76,2026-01-01T08:08:32.01
parallel_collaboration,segment,,,,,,,,,,,,,,,m5_s2,m5_s3,m5,2026-01-01T08:07:16.76,2026-01-01T08:09:54.42
parallel_collaboration,segment,,,,,,,,,,,,,,,m6_s1,m6_s2,m6,2026-01-01T08:14:09.67,2026-01-01T08:20:02.29
parallel_collaboration,segment,,,,,,,,,,,,,,,m6_s1,m6_s3,m6,2026-01-01T08:13:30.74,2026-01-01T08:20:02.29
parallel_collaboration,segment,,,,,,,,,,,,,,,m6_s2,m6_s3,m6,2026-01-01T08:14:09.67,2026-01-01T08:20:30.79
parallel_collaboration,segment,,,,,,,,,,,,,,,m7_s1,m7_s2,m7,2026-01-01T08:10:46.66,2026-01-01T08:14:50.85
parallel_collaboration,segment,,,,,,,,,,,,,,,m7_s1,m7_s3,m7,2026-01-01T08:11:34.54,2026-01-01T08:22:28.05
parallel_collaboration,segment,,,,,,,,,,,,,,,m7_s2,m7_s3,m7,2026-01-01T08:11:34.54,2026-01-01T08:14:50.85
parallel_collaboration,segment,,,,,,,,,,,,,,,m8_s1,m8_s2,m8,2026-01-01T08:14:56.19,2026-01-01T08:25:47.33
parallel_collaboration,segment,,,,,,,,,,,,,,,m8_s1,m8_s3,m8,2026-01-01T08:16:35.46,2026-01-01T08:25:47.33
parallel_collaboration,segment,,,,,,,,,,,,,,,m8_s2,m8_s3,m8,2026-01-01T08:16:35.46,2026-01-01T08:27:40.22
parallel_collaboration,segment,,,,,,,,,,,,,,,m9_s1,m9_s2,m9,2026-01-01T08:13:40.17,2026-01-01T08:21:24.71
parallel_collaboration,segment,,,,,,,,,,,,,,,m9_s1,m9_s3,m9,2026-01-01T08:15:55.68,2026-01-01T08:25:02.61
parallel_collaboration,segment,,,,,,,,,,,,,,,m9_s2,m9_s3,m9,2026-01-01T08:15:55.68,2026-01-01T08:21:24.71
