task_id,task_name,mission_id,segment_id,task_scope,robot_id,allocation_strategy,decision_time,event_id,start_time,end_time
t1,survey_field,m1,,mission,r5,greedy,2026-01-01T08:00:00.00,e4,2026-01-01T08:00:33.25,2026-01-01T08:00:41.53
t11,survey_field,m2,,mission,r3,greedy,2026-01-01T08:00:10.00,e8,2026-01-01T08:00:58.87,2026-01-01T08:01:09.80
t20,survey_field,m3,,mission,r1,greedy,2026-01-01T08:00:20.00,e12,2026-01-01T08:02:06.85,2026-01-01T08:02:14.88
t30,survey_field,m4,,mission,r5,greedy,2026-01-01T08:00:30.00,e16,2026-01-01T08:01:31.92,2026-01-01T08:01:40.77
t39,survey_field,m5,,mission,r7,greedy,2026-01-01T08:00:40.00,e20,2026-01-01T08:01:19.67,2026-01-01T08:01:30.98
t2,inspect,m1,m1_s1,segment,r7,greedy,2026-01-01T08:00:41.53,e24,2026-01-01T08:02:46.25,2026-01-01T08:03:00.52
t5,inspect,m1,m1_s2,segment,r3,greedy,2026-01-01T08:00:41.53,e28,2026-01-01T08:02:39.09,2026-01-01T08:02:50.73
t7,inspect,m1,m1_s3,segment,r1,greedy,2026-01-01T08:00:41.53,e32,2026-01-01T08:03:12.29,2026-01-01T08:03:22.74
t49,survey_field,m6,,mission,r1,greedy,2026-01-01T08:00:50.00,e36,2026-01-01T08:03:37.02,2026-01-01T08:03:47.46
t58,survey_field,m7,,mission,r5,greedy,2026-01-01T08:01:00.00,e40,2026-01-01T08:02:06.60,2026-01-01T08:02:16.65
t12,inspect,m2,m2_s1,segment,r5,greedy,2026-01-01T08:01:09.80,e44,2026-01-01T08:03:49.10,2026-01-01T08:03:59.64
t14,inspect,m2,m2_s2,segment,r7,greedy,2026-01-01T08:01:09.80,e48,2026-01-01T08:05:32.86,2026-01-01T08:05:45.77
t17,inspect,m2,m2_s3,segment,r3,greedy,2026-01-01T08:01:09.80,e52,2026-01-01T08:04:22.45,2026-01-01T08:04:36.15
t68,survey_field,m8,,mission,r1,greedy,2026-01-01T08:01:10.00,e56,2026-01-01T08:05:14.84,2026-01-01T08:05:23.71
t77,survey_field,m9,,mission,r5,greedy,2026-01-01T08:01:20.00,e60,2026-01-01T08:05:13.55,2026-01-01T08:05:22.67
t87,survey_field,m10,,mission,r3,greedy,2026-01-01T08:01:30.00,e64,2026-01-01T08:06:03.00,2026-01-01T08:06:11.57
t40,inspect,m5,m5_s1,segment,r5,greedy,2026-01-01T08:01:30.98,e68,2026-01-01T08:05:30.85,2026-01-01T08:05:41.81
t43,inspect,m5,m5_s2,segment,r3,greedy,2026-01-01T08:01:30.98,e72,2026-01-01T08:06:25.50,2026-01-01T08:06:37.00
t45,inspect,m5,m5_s3,segment,r1,greedy,2026-01-01T08:01:30.98,e76,2026-01-01T08:07:16.76,2026-01-01T08:07:29.19
t96,survey_field,m11,,mission,r5,greedy,2026-01-01T08:01:40.00,e80,2026-01-01T08:06:29.62,2026-01-01T08:06:39.20
t31,inspect,m4,m4_s1,segment,r5,greedy,2026-01-01T08:01:40.77,e84,2026-01-01T08:07:12.67,2026-01-01T08:07:22.58
t33,inspect,m4,m4_s2,segment,r7,greedy,2026-01-01T08:01:40.77,e88,2026-01-01T08:08:37.80,2026-01-01T08:08:51.46
t36,inspect,m4,m4_s3,segment,r3,greedy,2026-01-01T08:01:40.77,e92,2026-01-01T08:08:05.91,2026-01-01T08:08:19.22
t106,survey_field,m12,,mission,r5,greedy,2026-01-01T08:01:50.00,e96,2026-01-01T08:08:39.91,2026-01-01T08:08:50.23
t115,survey_field,m13,,mission,r3,greedy,2026-01-01T08:02:00.00,e100,2026-01-01T08:08:59.00,2026-01-01T08:09:08.35
t125,survey_field,m14,,mission,r5,greedy,2026-01-01T08:02:10.00,e104,2026-01-01T08:09:29.28,2026-01-01T08:09:40.34
t21,inspect,m3,m3_s1,segment,r1,greedy,2026-01-01T08:02:14.88,e108,2026-01-01T08:09:42.56,2026-01-01T08:09:56.84
t24,inspect,m3,m3_s2,segment,r3,greedy,2026-01-01T08:02:14.88,e112,2026-01-01T08:10:29.86,2026-01-01T08:10:43.97
t26,inspect,m3,m3_s3,segment,r7,greedy,2026-01-01T08:02:14.88,e116,2026-01-01T08:09:13.82,2026-01-01T08:09:25.18
t59,inspect,m7,m7_s1,segment,r5,greedy,2026-01-01T08:02:16.65,e120,2026-01-01T08:10:46.66,2026-01-01T08:11:00.55
t62,inspect,m7,m7_s2,segment,r7,greedy,2026-01-01T08:02:16.65,e124,2026-01-01T08:09:42.79,2026-01-01T08:09:54.61
t64,inspect,m7,m7_s3,segment,r1,greedy,2026-01-01T08:02:16.65,e128,2026-01-01T08:11:34.54,2026-01-01T08:11:48.21
t134,survey_field,m15,,mission,r7,greedy,2026-01-01T08:02:20.00,e132,2026-01-01T08:10:40.93,2026-01-01T08:10:50.43
t144,survey_field,m16,,mission,r7,greedy,2026-01-01T08:02:30.00,e136,2026-01-01T08:11:02.66,2026-01-01T08:11:14.46
t153,survey_field,m17,,mission,r3,greedy,2026-01-01T08:02:40.00,e140,2026-01-01T08:12:03.75,2026-01-01T08:12:14.55
t163,survey_field,m18,,mission,r7,greedy,2026-01-01T08:02:50.00,e144,2026-01-01T08:12:33.34,2026-01-01T08:12:41.52
t6,harvest,m1,m1_s2,segment,r8,greedy,2026-01-01T08:02:50.73,e149,2026-01-01T08:03:34.14,2026-01-01T08:03:59.99
t172,survey_field,m19,,mission,r5,greedy,2026-01-01T08:03:00.00,e153,2026-01-01T08:12:38.91,2026-01-01T08:12:48.75
t3,spray,m1,m1_s1,segment,r2,greedy,2026-01-01T08:03:00.52,e157,2026-01-01T08:03:59.62,2026-01-01T08:04:16.18
t182,survey_field,m20,,mission,r3,greedy,2026-01-01T08:03:10.00,e161,2026-01-01T08:12:47.04,2026-01-01T08:12:55.86
t8,spray,m1,m1_s3,segment,r6,greedy,2026-01-01T08:03:22.74,e165,2026-01-01T08:04:12.15,2026-01-01T08:04:32.45
t50,inspect,m6,m6_s1,segment,r1,greedy,2026-01-01T08:03:47.46,e169,2026-01-01T08:12:27.55,2026-01-01T08:12:40.80
t52,inspect,m6,m6_s2,segment,r5,greedy,2026-01-01T08:03:47.46,e173,2026-01-01T08:14:09.67,2026-01-01T08:14:20.03
t55,inspect,m6,m6_s3,segment,r7,greedy,2026-01-01T08:03:47.46,e177,2026-01-01T08:13:30.74,2026-01-01T08:13:42.91
t13,harvest,m2,m2_s1,segment,r4,greedy,2026-01-01T08:03:59.64,e182,2026-01-01T08:04:31.31,2026-01-01T08:04:55.00
t4,harvest,m1,m1_s1,segment,r8,greedy,2026-01-01T08:04:16.18,e187,2026-01-01T08:05:03.73,2026-01-01T08:05:27.68
t9,harvest,m1,m1_s3,segment,r8,greedy,2026-01-01T08:04:32.45,e192,2026-01-01T08:07:40.03,2026-01-01T08:08:07.38
t18,harvest,m2,m2_s3,segment,r4,greedy,2026-01-01T08:04:36.15,e197,2026-01-01T08:06:25.83,2026-01-01T08:06:49.13
t78,inspect,m9,m9_s1,segment,r1,greedy,2026-01-01T08:05:22.67,e201,2026-01-01T08:13:34.94,2026-01-01T08:13:46.88
t81,inspect,m9,m9_s2,segment,r3,greedy,2026-01-01T08:05:22.67,e205,2026-01-01T08:13:40.17,2026-01-01T08:13:51.85
t83,inspect,m9,m9_s3,segment,r7,greedy,2026-01-01T08:05:22.67,e209,2026-01-01T08:15:55.68,2026-01-01T08:16:08.59
t69,inspect,m8,m8_s1,segment,r3,greedy,2026-01-01T08:05:23.71,e213,2026-01-01T08:14:56.19,2026-01-01T08:15:08.59
t71,inspect,m8,m8_s2,segment,r5,greedy,2026-01-01T08:05:23.71,e217,2026-01-01T08:14:45.95,2026-01-01T08:14:59.94
t74,inspect,m8,m8_s3,segment,r1,greedy,2026-01-01T08:05:23.71,e221,2026-01-01T08:16:35.46,2026-01-01T08:16:49.80
t41,spray,m5,m5_s1,segment,r2,greedy,2026-01-01T08:05:41.81,e225,2026-01-01T08:06:14.14,2026-01-01T08:06:34.42
t15,spray,m2,m2_s2,segment,r6,greedy,2026-01-01T08:05:45.77,e229,2026-01-01T08:07:59.95,2026-01-01T08:08:17.04
t88,inspect,m10,m10_s1,segment,r5,greedy,2026-01-01T08:06:11.57,e233,2026-01-01T08:15:46.46,2026-01-01T08:15:56.39
t90,inspect,m10,m10_s2,segment,r3,greedy,2026-01-01T08:06:11.57,e237,2026-01-01T08:16:50.67,2026-01-01T08:17:03.02
t93,inspect,m10,m10_s3,segment,r7,greedy,2026-01-01T08:06:11.57,e241,2026-01-01T08:17:17.87,2026-01-01T08:17:28.88
t42,harvest,m5,m5_s1,segment,r4,greedy,2026-01-01T08:06:34.42,e246,2026-01-01T08:08:12.14,2026-01-01T08:08:32.01
t44,harvest,m5,m5_s2,segment,r4,greedy,2026-01-01T08:06:37.00,e251,2026-01-01T08:09:32.20,2026-01-01T08:09:54.42
t97,inspect,m11,m11_s1,segment,r5,greedy,2026-01-01T08:06:39.20,e255,2026-01-01T08:17:41.89,2026-01-01T08:17:51.95
t100,inspect,m11,m11_s2,segment,r3,greedy,2026-01-01T08:06:39.20,e259,2026-01-01T08:18:23.66,2026-01-01T08:18:36.46
t102,inspect,m11,m11_s3,segment,r1,greedy,2026-01-01T08:06:39.20,e263,2026-01-01T08:17:16.94,2026-01-01T08:17:27.97
t32,harvest,m4,m4_s1,segment,r4,greedy,2026-01-01T08:07:22.58,e268,2026-01-01T08:10:41.80,2026-01-01T08:11:03.47
t46,spray,m5,m5_s3,segment,r2,greedy,2026-01-01T08:07:29.19,e272,2026-01-01T08:08:44.10,2026-01-01T08:09:01.22
t10,final_inspection,m1,,mission,r7,greedy,2026-01-01T08:08:07.38,e276,2026-01-01T08:18:38.60,2026-01-01T08:18:47.34
t16,harvest,m2,m2_s2,segment,r8,greedy,2026-01-01T08:08:17.04,e281,2026-01-01T08:10:33.23,2026-01-01T08:10:55.70
t37,harvest,m4,m4_s3,segment,r4,greedy,2026-01-01T08:08:19.22,e286,2026-01-01T08:13:01.63,2026-01-01T08:13:23.26
t107,inspect,m12,m12_s1,segment,r1,greedy,2026-01-01T08:08:50.23,e290,2026-01-01T08:17:58.82,2026-01-01T08:18:08.56
t109,inspect,m12,m12_s2,segment,r5,greedy,2026-01-01T08:08:50.23,e294,2026-01-01T08:20:22.06,2026-01-01T08:20:34.49
t112,inspect,m12,m12_s3,segment,r7,greedy,2026-01-01T08:08:50.23,e298,2026-01-01T08:19:25.63,2026-01-01T08:19:39.82
t34,spray,m4,m4_s2,segment,r2,greedy,2026-01-01T08:08:51.46,e302,2026-01-01T08:11:40.88,2026-01-01T08:11:55.88
t47,harvest,m5,m5_s3,segment,r8,greedy,2026-01-01T08:09:01.22,e307,2026-01-01T08:13:36.73,2026-01-01T08:13:58.26
t116,inspect,m13,m13_s1,segment,r1,greedy,2026-01-01T08:09:08.35,e311,2026-01-01T08:20:45.05,2026-01-01T08:20:55.07
t119,inspect,m13,m13_s2,segment,r3,greedy,2026-01-01T08:09:08.35,e315,2026-01-01T08:20:15.87,2026-01-01T08:20:27.37
t121,inspect,m13,m13_s3,segment,r7,greedy,2026-01-01T08:09:08.35,e319,2026-01-01T08:21:25.37,2026-01-01T08:21:35.96
t27,spray,m3,m3_s3,segment,r2,greedy,2026-01-01T08:09:25.18,e323,2026-01-01T08:12:19.52,2026-01-01T08:12:40.21
t126,inspect,m14,m14_s1,segment,r3,greedy,2026-01-01T08:09:40.34,e327,2026-01-01T08:21:25.86,2026-01-01T08:21:39.60
t128,inspect,m14,m14_s2,segment,r5,greedy,2026-01-01T08:09:40.34,e331,2026-01-01T08:21:51.60,2026-01-01T08:22:02.75
t131,inspect,m14,m14_s3,segment,r1,greedy,2026-01-01T08:09:40.34,e335,2026-01-01T08:22:25.31,2026-01-01T08:22:37.31
t63,harvest,m7,m7_s2,segment,r4,greedy,2026-01-01T08:09:54.61,e340,2026-01-01T08:14:28.00,2026-01-01T08:14:50.85
t22,spray,m3,m3_s1,segment,r6,greedy,2026-01-01T08:09:56.84,e344,2026-01-01T08:11:46.01,2026-01-01T08:12:02.90
t25,harvest,m3,m3_s2,segment,r8,greedy,2026-01-01T08:10:43.97,e349,2026-01-01T08:15:13.02,2026-01-01T08:15:36.44
t135,inspect,m15,m15_s1,segment,r7,greedy,2026-01-01T08:10:50.43,e353,2026-01-01T08:22:23.73,2026-01-01T08:22:35.08
t138,inspect,m15,m15_s2,segment,r3,greedy,2026-01-01T08:10:50.43,e357,2026-01-01T08:22:27.99,2026-01-01T08:22:40.14
t140,inspect,m15,m15_s3,segment,r5,greedy,2026-01-01T08:10:50.43,e361,2026-01-01T08:24:22.33,2026-01-01T08:24:33.75
t19,final_inspection,m2,,mission,r3,greedy,2026-01-01T08:10:55.70,e365,2026-01-01T08:23:39.91,2026-01-01T08:23:49.04
t60,spray,m7,m7_s1,segment,r6,greedy,2026-01-01T08:11:00.55,e369,2026-01-01T08:13:29.93,2026-01-01T08:13:45.89
t145,inspect,m16,m16_s1,segment,r1,greedy,2026-01-01T08:11:14.46,e373,2026-01-01T08:23:30.89,2026-01-01T08:23:40.89
t147,inspect,m16,m16_s2,segment,r7,greedy,2026-01-01T08:11:14.46,e377,2026-01-01T08:25:09.66,2026-01-01T08:25:19.86
t150,inspect,m16,m16_s3,segment,r3,greedy,2026-01-01T08:11:14.46,e381,2026-01-01T08:25:11.11,2026-01-01T08:25:23.09
t65,spray,m7,m7_s3,segment,r2,greedy,2026-01-01T08:11:48.21,e385,2026-01-01T08:14:07.30,2026-01-01T08:14:26.86
t35,harvest,m4,m4_s2,segment,r4,greedy,2026-01-01T08:11:55.88,e390,2026-01-01T08:15:28.24,2026-01-01T08:15:52.61
t23,harvest,m3,m3_s1,segment,r4,greedy,2026-01-01T08:12:02.90,e395,2026-01-01T08:17:05.33,2026-01-01T08:17:26.94
t154,inspect,m17,m17_s1,segment,r1,greedy,2026-01-01T08:12:14.55,e399,2026-01-01T08:26:45.91,2026-01-01T08:26:55.99
t157,inspect,m17,m17_s2,segment,r7,greedy,2026-01-01T08:12:14.55,e403,2026-01-01T08:26:56.53,2026-01-01T08:27:07.18
t159,inspect,m17,m17_s3,segment,r3,greedy,2026-01-01T08:12:14.55,e407,2026-01-01T08:26:47.87,2026-01-01T08:26:57.90
t28,harvest,m3,m3_s3,segment,r8,greedy,2026-01-01T08:12:40.21,e412,2026-01-01T08:18:21.37,2026-01-01T08:18:46.15
t51,harvest,m6,m6_s1,segment,r4,greedy,2026-01-01T08:12:40.80,e417,2026-01-01T08:19:42.88,2026-01-01T08:20:02.29
t164,inspect,m18,m18_s1,segment,r5,greedy,2026-01-01T08:12:41.52,e421,2026-01-01T08:27:09.09,2026-01-01T08:27:19.32
t166,inspect,m18,m18_s2,segment,r1,greedy,2026-01-01T08:12:41.52,e425,2026-01-01T08:28:56.51,2026-01-01T08:29:07.22
t169,inspect,m18,m18_s3,segment,r7,greedy,2026-01-01T08:12:41.52,e429,2026-01-01T08:28:28.55,2026-01-01T08:28:42.56
t173,inspect,m19,m19_s1,segment,r5,greedy,2026-01-01T08:12:48.75,e433,2026-01-01T08:28:27.19,2026-01-01T08:28:41.17
t176,inspect,m19,m19_s2,segment,r3,greedy,2026-01-01T08:12:48.75,e437,2026-01-01T08:28:20.40,2026-01-01T08:28:30.01
t178,inspect,m19,m19_s3,segment,r7,greedy,2026-01-01T08:12:48.75,e441,2026-01-01T08:30:26.49,2026-01-01T08:30:40.19
t183,inspect,m20,m20_s1,segment,r5,greedy,2026-01-01T08:12:55.86,e448,2026-01-01T08:31:11.75,2026-01-01T08:31:24.77
t185,inspect,m20,m20_s2,segment,r1,greedy,2026-01-01T08:12:55.86,e455,2026-01-01T08:30:38.76,2026-01-01T08:30:52.46
t188,inspect,m20,m20_s3,segment,r3,greedy,2026-01-01T08:12:55.86,e459,2026-01-01T08:29:31.36,2026-01-01T08:29:43.61
t56,harvest,m6,m6_s3,segment,r8,greedy,2026-01-01T08:13:42.91,e464,2026-01-01T08:20:10.73,2026-01-01T08:20:30.79
t61,harvest,m7,m7_s1,segment,r4,greedy,2026-01-01T08:13:45.89,e469,2026-01-01T08:22:00.99,2026-01-01T08:22:28.05
t79,spray,m9,m9_s1,segment,r2,greedy,2026-01-01T08:13:46.88,e473,2026-01-01T08:15:14.71,2026-01-01T08:15:29.90
t82,harvest,m9,m9_s2,segment,r8,greedy,2026-01-01T08:13:51.85,e478,2026-01-01T08:20:57.54,2026-01-01T08:21:24.71
t48,final_inspection,m5,,mission,r3,greedy,2026-01-01T08:13:58.26,e485,2026-01-01T08:31:59.06,2026-01-01T08:32:06.10
t53,spray,m6,m6_s2,segment,r6,greedy,2026-01-01T08:14:20.03,e489,2026-01-01T08:14:43.03,2026-01-01T08:14:59.03
t66,harvest,m7,m7_s3,segment,r8,greedy,2026-01-01T08:14:26.86,e494,2026-01-01T08:23:19.75,2026-01-01T08:23:48.19
t54,harvest,m6,m6_s2,segment,r4,greedy,2026-01-01T08:14:59.03,e499,2026-01-01T08:22:54.01,2026-01-01T08:23:13.92
t72,spray,m8,m8_s2,segment,r6,greedy,2026-01-01T08:14:59.94,e503,2026-01-01T08:15:26.99,2026-01-01T08:15:42.95
t70,harvest,m8,m8_s1,segment,r4,greedy,2026-01-01T08:15:08.59,e508,2026-01-01T08:25:25.65,2026-01-01T08:25:47.33
t80,harvest,m9,m9_s1,segment,r8,greedy,2026-01-01T08:15:29.90,e513,2026-01-01T08:24:37.87,2026-01-01T08:25:02.61
t73,harvest,m8,m8_s2,segment,r8,greedy,2026-01-01T08:15:42.95,e518,2026-01-01T08:27:18.89,2026-01-01T08:27:40.22
t38,final_inspection,m4,,mission,r1,greedy,2026-01-01T08:15:52.61,e522,2026-01-01T08:31:46.87,2026-01-01T08:31:53.53
t89,harvest,m10,m10_s1,segment,r4,greedy,2026-01-01T08:15:56.39,e527,2026-01-01T08:27:42.66,2026-01-01T08:28:10.66
t84,spray,m9,m9_s3,segment,r2,greedy,2026-01-01T08:16:08.59,e531,2026-01-01T08:16:44.89,2026-01-01T08:17:04.67
t75,harvest,m8,m8_s3,segment,r8,greedy,2026-01-01T08:16:49.80,e536,2026-01-01T08:28:43.76,2026-01-01T08:29:05.31
t91,spray,m10,m10_s2,segment,r6,greedy,2026-01-01T08:17:03.02,e540,2026-01-01T08:17:32.22,2026-01-01T08:17:46.70
t85,harvest,m9,m9_s3,segment,r4,greedy,2026-01-01T08:17:04.67,e545,2026-01-01T08:29:42.50,2026-01-01T08:30:02.04
t103,spray,m11,m11_s3,segment,r6,greedy,2026-01-01T08:17:27.97,e549,2026-01-01T08:19:13.99,2026-01-01T08:19:30.48
t94,harvest,m10,m10_s3,segment,r8,greedy,2026-01-01T08:17:28.88,e554,2026-01-01T08:30:54.95,2026-01-01T08:31:15.78
t92,harvest,m10,m10_s2,segment,r4,greedy,2026-01-01T08:17:46.70,e559,2026-01-01T08:31:52.44,2026-01-01T08:32:20.03
t98,spray,m11,m11_s1,segment,r2,greedy,2026-01-01T08:17:51.95,e563,2026-01-01T08:20:06.63,2026-01-01T08:20:27.32
t108,harvest,m12,m12_s1,segment,r1,greedy,2026-01-01T08:18:08.56,e568,2026-01-01T08:32:46.33,2026-01-01T08:33:14.72
t101,harvest,m11,m11_s2,segment,r5,greedy,2026-01-01T08:18:36.46,e573,2026-01-01T08:32:37.63,2026-01-01T08:33:05.93
t29,final_inspection,m3,,mission,r7,greedy,2026-01-01T08:18:46.15,e580,2026-01-01T08:33:10.94,2026-01-01T08:33:20.22
t104,harvest,m11,m11_s3,segment,r8,greedy,2026-01-01T08:19:30.48,e585,2026-01-01T08:33:19.10,2026-01-01T08:33:47.07
t113,harvest,m12,m12_s3,segment,r4,greedy,2026-01-01T08:19:39.82,e590,2026-01-01T08:32:38.92,2026-01-01T08:33:07.60
t99,harvest,m11,m11_s1,segment,r4,greedy,2026-01-01T08:20:27.32,e598,2026-01-01T08:35:35.35,2026-01-01T08:36:03.96
t120,harvest,m13,m13_s2,segment,r5,greedy,2026-01-01T08:20:27.37,e603,2026-01-01T08:34:49.26,2026-01-01T08:35:17.90
t110,spray,m12,m12_s2,segment,r2,greedy,2026-01-01T08:20:34.49,e607,2026-01-01T08:23:05.64,2026-01-01T08:23:22.85
t117,spray,m13,m13_s1,segment,r6,greedy,2026-01-01T08:20:55.07,e611,2026-01-01T08:23:41.89,2026-01-01T08:24:00.05
t122,spray,m13,m13_s3,segment,r6,greedy,2026-01-01T08:21:35.96,e615,2026-01-01T08:24:20.85,2026-01-01T08:24:36.04
t127,harvest,m14,m14_s1,segment,r1,greedy,2026-01-01T08:21:39.60,e620,2026-01-01T08:35:13.81,2026-01-01T08:35:40.58
t129,spray,m14,m14_s2,segment,r2,greedy,2026-01-01T08:22:02.75,e624,2026-01-01T08:24:41.08,2026-01-01T08:24:57.13
t136,spray,m15,m15_s1,segment,r6,greedy,2026-01-01T08:22:35.08,e628,2026-01-01T08:25:24.24,2026-01-01T08:25:42.58
t132,harvest,m14,m14_s3,segment,r5,greedy,2026-01-01T08:22:37.31,e633,2026-01-01T08:35:53.51,2026-01-01T08:36:14.37
t139,harvest,m15,m15_s2,segment,r1,greedy,2026-01-01T08:22:40.14,e638,2026-01-01T08:36:31.93,2026-01-01T08:36:57.35
t57,final_inspection,m6,,mission,r7,greedy,2026-01-01T08:23:13.92,e642,2026-01-01T08:34:07.62,2026-01-01T08:34:16.85
t111,harvest,m12,m12_s2,segment,r5,greedy,2026-01-01T08:23:22.85,e647,2026-01-01T08:36:54.05,2026-01-01T08:37:14.05
t146,harvest,m16,m16_s1,segment,r8,greedy,2026-01-01T08:23:40.89,e655,2026-01-01T08:37:50.50,2026-01-01T08:38:11.02
t67,final_inspection,m7,,mission,r3,greedy,2026-01-01T08:23:48.19,e659,2026-01-01T08:34:25.57,2026-01-01T08:34:32.39
t118,harvest,m13,m13_s1,segment,r1,greedy,2026-01-01T08:24:00.05,e664,2026-01-01T08:37:07.33,2026-01-01T08:37:30.36
t141,spray,m15,m15_s3,segment,r6,greedy,2026-01-01T08:24:33.75,e668,2026-01-01T08:27:06.24,2026-01-01T08:27:22.25
t123,harvest,m13,m13_s3,segment,r4,greedy,2026-01-01T08:24:36.04,e673,2026-01-01T08:36:53.82,2026-01-01T08:37:22.10
t130,harvest,m14,m14_s2,segment,r4,greedy,2026-01-01T08:24:57.13,e678,2026-01-01T08:38:32.92,2026-01-01T08:38:54.23
t148,spray,m16,m16_s2,segment,r2,greedy,2026-01-01T08:25:19.86,e682,2026-01-01T08:26:54.06,2026-01-01T08:27:14.96
t151,harvest,m16,m16_s3,segment,r1,greedy,2026-01-01T08:25:23.09,e687,2026-01-01T08:38:04.36,2026-01-01T08:38:30.21
t137,harvest,m15,m15_s1,segment,r1,greedy,2026-01-01T08:25:42.58,e692,2026-01-01T08:39:11.72,2026-01-01T08:39:40.29
t155,spray,m17,m17_s1,segment,r2,greedy,2026-01-01T08:26:55.99,e696,2026-01-01T08:29:18.03,2026-01-01T08:29:33.71
t160,spray,m17,m17_s3,segment,r6,greedy,2026-01-01T08:26:57.90,e700,2026-01-01T08:30:38.10,2026-01-01T08:30:54.88
t158,harvest,m17,m17_s2,segment,r5,greedy,2026-01-01T08:27:07.18,e705,2026-01-01T08:40:17.34,2026-01-01T08:40:43.29
t149,harvest,m16,m16_s2,segment,r8,greedy,2026-01-01T08:27:14.96,e710,2026-01-01T08:39:27.02,2026-01-01T08:39:52.05
t165,harvest,m18,m18_s1,segment,r4,greedy,2026-01-01T08:27:19.32,e715,2026-01-01T08:39:18.21,2026-01-01T08:39:45.99
t142,harvest,m15,m15_s3,segment,r1,greedy,2026-01-01T08:27:22.25,e720,2026-01-01T08:41:06.37,2026-01-01T08:41:34.33
t177,harvest,m19,m19_s2,segment,r4,greedy,2026-01-01T08:28:30.01,e725,2026-01-01T08:41:04.85,2026-01-01T08:41:26.39
t174,spray,m19,m19_s1,segment,r2,greedy,2026-01-01T08:28:41.17,e729,2026-01-01T08:31:28.54,2026-01-01T08:31:43.23
t170,harvest,m18,m18_s3,segment,r8,greedy,2026-01-01T08:28:42.56,e734,2026-01-01T08:40:33.96,2026-01-01T08:41:01.76
t76,final_inspection,m8,,mission,r7,greedy,2026-01-01T08:29:05.31,e738,2026-01-01T08:35:44.05,2026-01-01T08:35:51.95
t167,spray,m18,m18_s2,segment,r6,greedy,2026-01-01T08:29:07.22,e742,2026-01-01T08:33:03.03,2026-01-01T08:33:24.59
t156,harvest,m17,m17_s1,segment,r5,greedy,2026-01-01T08:29:33.71,e747,2026-01-01T08:41:21.96,2026-01-01T08:41:46.32
t189,harvest,m20,m20_s3,segment,r4,greedy,2026-01-01T08:29:43.61,e752,2026-01-01T08:42:31.59,2026-01-01T08:42:51.17
t86,final_inspection,m9,,mission,r3,greedy,2026-01-01T08:30:02.04,e756,2026-01-01T08:36:13.85,2026-01-01T08:36:22.50
t179,spray,m19,m19_s3,segment,r2,greedy,2026-01-01T08:30:40.19,e760,2026-01-01T08:33:29.38,2026-01-01T08:33:50.65
t186,spray,m20,m20_s2,segment,r6,greedy,2026-01-01T08:30:52.46,e764,2026-01-01T08:34:22.45,2026-01-01T08:34:42.01
t161,harvest,m17,m17_s3,segment,r8,greedy,2026-01-01T08:30:54.88,e769,2026-01-01T08:43:41.33,2026-01-01T08:44:04.97
t184,harvest,m20,m20_s1,segment,r5,greedy,2026-01-01T08:31:24.77,e774,2026-01-01T08:42:21.28,2026-01-01T08:42:44.10
t175,harvest,m19,m19_s1,segment,r4,greedy,2026-01-01T08:31:43.23,e779,2026-01-01T08:44:26.17,2026-01-01T08:44:49.14
t95,final_inspection,m10,,mission,r7,greedy,2026-01-01T08:32:20.03,e783,2026-01-01T08:37:26.10,2026-01-01T08:37:32.81
t168,harvest,m18,m18_s2,segment,r1,greedy,2026-01-01T08:33:24.59,e788,2026-01-01T08:43:12.10,2026-01-01T08:43:40.84
t180,harvest,m19,m19_s3,segment,r8,greedy,2026-01-01T08:33:50.65,e793,2026-01-01T08:45:05.12,2026-01-01T08:45:25.11
t187,harvest,m20,m20_s2,segment,r5,greedy,2026-01-01T08:34:42.01,e798,2026-01-01T08:44:17.51,2026-01-01T08:44:42.57
t105,final_inspection,m11,,mission,r3,greedy,2026-01-01T08:36:03.96,e802,2026-01-01T08:37:15.20,2026-01-01T08:37:22.61
t114,final_inspection,m12,,mission,r3,greedy,2026-01-01T08:37:14.05,e806,2026-01-01T08:38:55.83,2026-01-01T08:39:03.47
t124,final_inspection,m13,,mission,r7,greedy,2026-01-01T08:37:30.36,e810,2026-01-01T08:38:56.42,2026-01-01T08:39:05.16
t133,final_inspection,m14,,mission,r3,greedy,2026-01-01T08:38:54.23,e814,2026-01-01T08:39:43.11,2026-01-01T08:39:52.57
t152,final_inspection,m16,,mission,r7,greedy,2026-01-01T08:39:52.05,e818,2026-01-01T08:41:52.49,2026-01-01T08:42:00.63
t143,final_inspection,m15,,mission,r7,greedy,2026-01-01T08:41:34.33,e822,2026-01-01T08:42:12.61,2026-01-01T08:42:19.99
t171,final_inspection,m18,,mission,r1,greedy,2026-01-01T08:43:40.84,e826,2026-01-01T08:44:03.02,2026-01-01T08:44:10.23
t162,final_inspection,m17,,mission,r3,greedy,2026-01-01T08:44:04.97,e830,2026-01-01T08:44:32.57,2026-01-01T08:44:39.85
t190,final_inspection,m20,,mission,r3,greedy,2026-01-01T08:44:42.57,e834,2026-01-01T08:45:15.14,2026-01-01T08:45:24.03
t181,final_inspection,m19,,mission,r1,greedy,2026-01-01T08:45:25.11,e838,2026-01-01T08:45:59.63,2026-01-01T08:46:08.95
